1,6,185,8,16802,1,150.40,150.40,1.50
2,1,1,2,16802,1,7820.85,7820.85,0.00
3,1,1,9,16802,1,97.75,97.75,0.98
4,1,1,10,16802,1,135.00,135.00,1.35
5,5,1,2,16803,1,7820.85,7820.85,0.00
6,5,1,6,16803,2,2955.00,5910.00,59.10
7,5,1,9,16803,1,97.75,97.75,0.98
8,7,31,5,16803,2,2966.00,5932.00,0.00
9,7,31,7,16803,1,155.00,155.00,0.00
10,8,120,1,16804,1,8852.00,8852.00,0.00
11,8,120,3,16804,2,3255.08,6510.16,65.10
12,8,120,4,16804,1,7658.00,7658.00,0.00
13,8,120,6,16804,1,2955.00,2955.00,0.00
14,8,120,10,16804,1,121.50,121.50,1.22
15,9,74,2,16805,2,9201.00,18402.00,184.02
16,2,202,1,16807,1,8852.00,8852.00,0.00
17,7,91,6,16807,1,2364.00,2364.00,23.64
18,7,91,7,16807,1,155.00,155.00,1.55
19,7,91,8,16807,1,188.00,188.00,1.88
20,7,91,9,16807,1,97.75,97.75,0.98
21,6,2,2,16807,1,7820.85,7820.85,78.21
22,6,2,3,16807,1,3616.75,3616.75,0.00
23,6,2,8,16807,2,188.00,376.00,0.00
24,6,2,9,16807,1,115.00,115.00,1.15
25,6,2,10,16807,1,108.00,108.00,1.08
26,9,191,1,16807,1,7524.20,7524.20,0.00
27,1,3,1,16809,1,7524.20,7524.20,0.00
28,1,3,4,16809,1,6509.30,6509.30,0.00
29,1,3,6,16809,1,2511.75,2511.75,0.00
30,7,32,1,16810,1,8852.00,8852.00,0.00
31,7,32,6,16810,1,2260.58,2260.58,0.00
32,7,32,7,16810,1,139.50,139.50,0.00
33,7,32,8,16810,1,159.80,159.80,0.00
34,4,136,2,16811,2,7820.85,15641.70,0.00
35,4,136,8,16811,1,188.00,188.00,1.88
36,4,5,3,16813,1,3255.08,3255.08,32.55
37,3,249,1,16813,1,6019.36,6019.36,60.19
38,3,249,10,16813,1,135.00,135.00,1.35
39,2,79,2,16814,2,7820.85,15641.70,0.00
40,2,79,8,16814,1,188.00,188.00,0.00
41,7,192,6,16814,1,2511.75,2511.75,25.12
42,7,192,7,16814,1,139.50,139.50,0.00
43,7,192,9,16814,1,115.00,115.00,1.15
44,7,192,10,16814,1,135.00,135.00,1.35
45,10,191,7,16815,1,155.00,155.00,1.55
46,10,136,3,16815,2,3616.75,7233.50,0.00
47,10,136,4,16815,1,7658.00,7658.00,76.58
48,10,136,5,16815,1,2016.88,2016.88,0.00
49,10,136,9,16815,1,87.98,87.98,0.88
50,9,218,7,16816,1,131.75,131.75,1.32
51,2,54,6,16818,1,2955.00,2955.00,0.00
52,2,74,1,16818,1,7524.20,7524.20,0.00
53,2,74,8,16818,1,127.84,127.84,0.00
54,3,192,5,16818,1,2521.10,2521.10,0.00
55,1,173,8,16819,1,159.80,159.80,1.60
56,1,173,10,16819,1,114.75,114.75,1.15
57,2,58,1,16820,1,8852.00,8852.00,88.52
58,2,58,5,16820,1,2268.99,2268.99,22.69
59,2,58,8,16820,1,169.20,169.20,0.00
60,9,233,3,16822,1,3255.08,3255.08,32.55
61,9,233,8,16822,1,188.00,188.00,1.88
62,9,233,9,16822,1,97.75,97.75,0.00
63,2,74,1,16822,1,8852.00,8852.00,0.00
64,2,74,8,16822,1,127.84,127.84,0.00
65,1,249,6,16823,2,2955.00,5910.00,0.00
66,7,191,6,16823,1,2260.58,2260.58,22.61
67,9,249,5,16824,1,2016.88,2016.88,0.00
68,9,249,6,16824,1,2511.75,2511.75,25.12
69,9,249,7,16824,1,94.86,94.86,0.95
70,9,249,9,16824,1,87.98,87.98,0.88
71,4,218,4,16824,1,6892.20,6892.20,68.92
72,4,218,9,16824,1,115.00,115.00,1.15
73,4,218,10,16824,1,121.50,121.50,1.22
74,4,74,1,16825,1,8852.00,8852.00,88.52
75,4,74,4,16825,1,6892.20,6892.20,0.00
76,4,74,9,16825,1,78.20,78.20,0.00
77,4,58,1,16825,1,6771.78,6771.78,67.72
78,4,58,6,16825,1,2009.40,2009.40,0.00
79,4,58,8,16825,1,159.80,159.80,1.60
80,3,79,1,16825,2,7081.60,14163.20,0.00
81,3,79,10,16825,1,121.50,121.50,0.00
82,1,233,8,16827,1,159.80,159.80,1.60
83,1,233,10,16827,1,103.28,103.28,1.03
84,6,233,5,16828,1,2268.99,2268.99,22.69
85,6,233,6,16828,1,2511.75,2511.75,0.00
86,2,202,2,16828,1,9201.00,9201.00,0.00
87,7,192,3,16828,2,3255.08,6510.16,65.10
88,2,89,2,16828,1,7820.85,7820.85,78.21
89,2,89,4,16828,1,7658.00,7658.00,0.00
90,2,89,5,16828,1,2966.00,2966.00,29.66
91,2,89,7,16828,1,155.00,155.00,1.55
92,2,89,9,16828,1,103.50,103.50,1.04
93,2,89,10,16828,1,135.00,135.00,0.00
94,5,31,5,16830,2,2966.00,5932.00,0.00
95,1,105,1,16831,1,6771.78,6771.78,0.00
96,1,105,3,16831,1,3829.50,3829.50,0.00
97,1,105,6,16831,1,2364.00,2364.00,23.64
98,1,105,10,16831,1,114.75,114.75,1.15
99,2,249,5,16831,1,2669.40,2669.40,26.69
100,2,249,7,16831,1,131.75,131.75,0.00
101,2,249,8,16831,1,188.00,188.00,0.00
102,3,218,7,16833,1,118.58,118.58,0.00
103,3,218,8,16833,1,188.00,188.00,1.88
104,1,89,9,16834,1,115.00,115.00,0.00
105,2,185,1,16834,1,7524.20,7524.20,0.00
106,8,58,1,16835,1,6771.78,6771.78,67.72
107,8,58,7,16835,1,131.75,131.75,1.32
108,8,58,8,16835,1,159.80,159.80,0.00
109,8,58,9,16835,1,97.75,97.75,0.00
110,8,58,10,16835,1,135.00,135.00,0.00
111,4,100,2,16837,2,7820.85,15641.70,156.42
112,4,100,4,16837,1,5513.76,5513.76,55.14
113,10,173,3,16840,2,2893.40,5786.80,0.00
114,10,173,9,16840,1,78.20,78.20,0.00
115,4,255,4,16841,1,5858.37,5858.37,0.00
116,1,58,5,16841,1,2669.40,2669.40,0.00
117,1,58,8,16841,1,188.00,188.00,1.88
118,4,105,2,16841,1,5631.01,5631.01,56.31
119,4,105,8,16841,1,188.00,188.00,0.00
120,4,105,9,16841,1,103.50,103.50,1.04
121,7,185,2,16842,1,9201.00,9201.00,92.01
122,7,185,3,16842,1,2604.06,2604.06,0.00
123,7,185,8,16842,1,188.00,188.00,0.00
124,7,185,9,16842,1,103.50,103.50,0.00
125,3,120,4,16842,1,5858.37,5858.37,0.00
126,3,120,5,16842,1,2521.10,2521.10,0.00
127,3,120,10,16842,1,121.50,121.50,0.00
128,2,191,1,16843,1,7966.80,7966.80,0.00
129,2,191,4,16843,1,5858.37,5858.37,58.58
130,2,191,9,16843,1,115.00,115.00,0.00
131,1,185,1,16843,1,7524.20,7524.20,75.24
132,1,185,10,16843,2,114.75,229.50,2.29
133,2,115,1,16844,1,7966.80,7966.80,79.67
134,2,115,5,16844,1,2966.00,2966.00,0.00
135,2,115,9,16844,1,87.98,87.98,0.00
136,2,115,10,16844,1,91.80,91.80,0.00
137,3,115,8,16845,1,169.20,169.20,1.69
138,8,74,4,16845,2,6509.30,13018.60,0.00
139,4,136,4,16846,1,7658.00,7658.00,76.58
140,4,136,10,16846,2,121.50,243.00,2.43
141,9,79,1,16846,1,8852.00,8852.00,88.52
142,9,79,5,16846,1,2372.80,2372.80,23.73
143,9,79,7,16846,1,139.50,139.50,0.00
144,2,105,2,16847,1,8280.90,8280.90,82.81
145,10,74,3,16851,1,3616.75,3616.75,36.17
146,10,191,2,16852,1,7820.85,7820.85,78.21
147,8,27,3,16853,1,3616.75,3616.75,0.00
148,8,27,7,16853,1,155.00,155.00,1.55
149,8,27,10,16853,1,114.75,114.75,0.00
150,3,54,5,16853,1,2521.10,2521.10,0.00
151,3,54,9,16853,1,87.98,87.98,0.00
152,7,218,8,16853,1,135.36,135.36,0.00
153,7,218,9,16853,1,87.98,87.98,0.88
154,7,218,10,16853,1,135.00,135.00,0.00
155,4,191,4,16854,1,6509.30,6509.30,65.09
156,4,191,8,16854,1,169.20,169.20,1.69
157,5,58,10,16856,1,114.75,114.75,0.00
158,3,105,1,16856,2,8852.00,17704.00,0.00
159,3,105,8,16856,1,169.20,169.20,1.69
160,3,105,9,16856,1,78.20,78.20,0.78
161,3,105,10,16856,1,121.50,121.50,0.00
162,5,31,3,16856,1,3616.75,3616.75,36.17
163,5,31,7,16856,1,118.58,118.58,0.00
164,5,31,10,16856,1,103.28,103.28,1.03
165,3,120,6,16857,1,2009.40,2009.40,0.00
166,7,32,8,16859,1,127.84,127.84,1.28
167,3,89,2,16859,1,7038.77,7038.77,70.39
168,4,74,1,16859,1,6771.78,6771.78,0.00
169,4,74,2,16859,1,6256.68,6256.68,62.57
170,4,74,6,16859,1,2260.58,2260.58,0.00
171,4,74,10,16859,1,135.00,135.00,1.35
172,10,91,1,16860,1,8852.00,8852.00,0.00
173,10,91,7,16860,1,155.00,155.00,1.55
174,10,202,4,16863,1,7658.00,7658.00,382.90
175,10,202,6,16863,1,2955.00,2955.00,118.20
176,10,202,7,16863,1,124.00,124.00,4.96
177,6,54,3,16865,2,3616.75,7233.50,217.01
178,4,120,3,16865,1,3616.75,3616.75,180.84
179,4,120,4,16865,1,6509.30,6509.30,260.37
180,4,120,5,16865,1,2966.00,2966.00,29.66
181,4,120,10,16865,1,114.75,114.75,2.30
182,3,100,10,16865,1,91.80,91.80,1.84
183,2,89,2,16865,1,9201.00,9201.00,460.05
184,7,58,1,16868,1,8852.00,8852.00,531.12
185,7,58,2,16868,1,9201.00,9201.00,276.03
186,7,58,6,16868,1,2260.58,2260.58,45.21
187,7,58,7,16868,1,94.86,94.86,4.74
188,7,58,10,16868,1,135.00,135.00,2.70
189,9,185,1,16869,2,7524.20,15048.40,601.94
190,9,185,8,16869,1,127.84,127.84,3.84
191,9,185,9,16869,1,97.75,97.75,2.93
192,9,185,10,16869,1,103.28,103.28,5.16
193,8,54,4,16870,1,6892.20,6892.20,206.77
194,8,54,8,16870,1,169.20,169.20,3.38
195,8,54,10,16870,1,135.00,135.00,2.70
196,9,192,2,16871,1,8280.90,8280.90,248.43
197,7,233,1,16872,2,5417.42,10834.84,108.35
198,7,233,6,16872,1,2659.50,2659.50,53.19
199,7,233,9,16872,1,103.50,103.50,4.14
200,7,233,10,16872,1,108.00,108.00,5.40
201,2,185,8,16873,1,159.80,159.80,1.60
202,2,185,9,16873,1,115.00,115.00,1.15
203,2,185,10,16873,1,114.75,114.75,6.89
204,6,100,2,16874,1,8280.90,8280.90,331.24
205,6,100,9,16874,1,87.98,87.98,1.76
206,7,218,1,16875,1,8852.00,8852.00,177.04
207,7,218,5,16875,1,2966.00,2966.00,88.98
208,2,233,4,16875,2,5858.37,11716.74,234.33
209,2,233,9,16875,1,103.50,103.50,5.18
210,4,16,10,16876,1,103.28,103.28,5.16
211,4,115,4,16876,1,6892.20,6892.20,275.69
212,4,115,7,16876,1,124.00,124.00,2.48
213,4,115,9,16876,1,97.75,97.75,3.91
214,4,115,10,16876,1,91.80,91.80,3.67
215,9,186,2,16878,1,7038.77,7038.77,351.94
216,10,79,6,16878,2,2511.75,5023.50,301.41
217,10,79,7,16878,1,139.50,139.50,5.58
218,6,105,9,16879,1,92.00,92.00,2.76
219,6,105,10,16879,1,121.50,121.50,2.43
220,8,31,3,16879,1,4255.00,4255.00,85.10
221,8,31,6,16879,1,2511.75,2511.75,100.47
222,10,27,2,16880,1,7820.85,7820.85,391.04
223,10,27,3,16880,1,3616.75,3616.75,36.17
224,10,27,5,16880,1,2268.99,2268.99,45.38
225,10,27,6,16880,1,2955.00,2955.00,59.10
226,10,27,8,16880,1,169.20,169.20,6.77
227,10,27,9,16880,1,92.00,92.00,5.52
228,10,27,10,16880,2,121.50,243.00,14.58
229,2,249,6,16884,1,2364.00,2364.00,23.64
230,2,249,8,16884,1,143.82,143.82,4.31
231,2,249,10,16884,1,135.00,135.00,2.70
232,7,249,4,16884,1,4686.70,4686.70,93.73
233,7,249,7,16884,1,118.58,118.58,1.19
234,1,27,1,16884,2,8852.00,17704.00,1062.24
235,1,27,10,16884,1,114.75,114.75,3.44
236,6,54,8,16884,1,143.82,143.82,2.88
237,1,120,7,16889,1,118.58,118.58,2.37
238,1,120,9,16889,1,115.00,115.00,1.15
239,10,47,7,16890,1,155.00,155.00,4.65
240,5,233,1,16891,2,6771.78,13543.56,406.31
241,5,233,2,16891,2,6624.72,13249.44,132.49
242,5,233,6,16891,1,2260.58,2260.58,135.63
243,5,233,8,16891,1,150.40,150.40,9.02
244,5,233,9,16891,1,103.50,103.50,2.07
245,2,89,5,16891,1,2268.99,2268.99,45.38
246,2,89,8,16891,1,159.80,159.80,1.60
247,4,16,1,16893,1,6771.78,6771.78,270.87
248,4,249,1,16893,2,7524.20,15048.40,451.45
249,4,249,5,16893,1,2521.10,2521.10,50.42
250,4,249,6,16893,1,2511.75,2511.75,50.24
251,4,249,8,16893,1,169.20,169.20,8.46
252,4,249,9,16893,1,87.98,87.98,3.52
253,7,115,2,16894,1,5631.01,5631.01,56.31
254,9,27,9,16896,2,103.50,207.00,10.35
255,10,89,2,16897,2,8280.90,16561.80,331.24
256,4,31,2,16902,2,9201.00,18402.00,920.10
257,4,31,6,16902,1,2955.00,2955.00,118.20
258,9,191,5,16903,1,2966.00,2966.00,177.96
259,9,191,9,16903,1,82.80,82.80,0.83
260,2,218,1,16904,1,6771.78,6771.78,270.87
261,2,218,5,16904,2,2521.10,5042.20,302.53
262,2,218,8,16904,1,188.00,188.00,7.52
263,2,218,10,16904,1,121.50,121.50,4.86
264,10,202,7,16905,1,118.58,118.58,5.93
265,10,202,8,16905,1,150.40,150.40,6.02
266,10,202,9,16905,1,115.00,115.00,6.90
267,10,202,10,16905,1,114.75,114.75,1.15
268,5,191,1,16905,1,7966.80,7966.80,239.00
269,5,191,3,16905,1,3829.50,3829.50,191.48
270,5,191,4,16905,1,6509.30,6509.30,390.56
271,5,191,10,16905,1,108.00,108.00,2.16
272,3,218,2,16905,1,6256.68,6256.68,375.40
273,3,218,5,16905,1,2966.00,2966.00,88.98
274,3,218,9,16905,1,87.98,87.98,3.52
275,5,58,7,16906,1,155.00,155.00,1.55
276,9,100,5,16906,1,2669.40,2669.40,26.69
277,9,100,9,16906,1,70.38,70.38,2.11
278,9,100,10,16906,1,108.00,108.00,4.32
279,8,15,8,16908,1,159.80,159.80,7.99
280,6,47,1,16909,1,8852.00,8852.00,177.04
281,6,47,2,16909,1,8280.90,8280.90,414.05
282,6,47,8,16909,1,188.00,188.00,7.52
283,6,47,9,16909,1,92.00,92.00,0.92
284,6,47,10,16909,1,114.75,114.75,2.30
285,7,47,3,16909,1,4255.00,4255.00,255.30
286,7,47,9,16909,1,115.00,115.00,5.75
287,7,47,10,16909,2,135.00,270.00,16.20
288,3,105,8,16909,1,159.80,159.80,9.59
289,9,58,1,16910,2,7966.80,15933.60,956.02
290,9,58,3,16910,1,3829.50,3829.50,191.48
291,9,58,7,16910,1,131.75,131.75,6.59
292,9,58,8,16910,1,188.00,188.00,7.52
293,3,47,5,16910,1,2966.00,2966.00,118.64
294,3,47,8,16910,1,188.00,188.00,3.76
295,3,47,10,16910,1,135.00,135.00,2.70
296,5,74,2,16911,2,7820.85,15641.70,625.67
297,5,74,7,16911,1,155.00,155.00,6.20
298,5,74,10,16911,1,114.75,114.75,6.89
299,4,74,4,16912,1,6509.30,6509.30,390.56
300,4,186,1,16913,1,5417.42,5417.42,54.17
301,4,186,9,16913,1,115.00,115.00,1.15
302,6,105,7,16913,1,131.75,131.75,3.95
303,6,105,8,16913,1,169.20,169.20,1.69
304,6,105,9,16913,1,97.75,97.75,1.96
305,6,105,10,16913,1,108.00,108.00,3.24
306,8,89,5,16914,1,2521.10,2521.10,100.84
307,8,89,6,16914,1,2659.50,2659.50,106.38
308,7,218,3,16915,2,2893.40,5786.80,231.47
309,1,173,6,16915,1,2127.60,2127.60,85.10
310,1,173,10,16915,1,114.75,114.75,6.89
311,8,218,2,16917,1,6256.68,6256.68,250.27
312,8,218,3,16917,2,3829.50,7659.00,306.36
313,8,218,5,16917,1,2268.99,2268.99,68.07
314,3,218,9,16918,1,97.75,97.75,1.96
315,3,218,10,16918,1,121.50,121.50,2.43
316,10,218,6,16918,1,2955.00,2955.00,29.55
317,10,218,7,16918,1,131.75,131.75,2.63
318,2,15,4,16921,1,7658.00,7658.00,153.16
319,2,15,5,16921,1,2521.10,2521.10,75.63
320,2,15,9,16921,1,97.75,97.75,0.98
321,2,15,10,16921,1,108.00,108.00,6.48
322,10,100,6,16921,1,2659.50,2659.50,53.19
323,10,100,7,16921,1,94.86,94.86,3.79
324,10,100,8,16921,1,159.80,159.80,4.79
325,5,218,3,16921,1,3829.50,3829.50,76.59
326,5,218,4,16921,1,6509.30,6509.30,130.19
327,5,218,8,16921,1,188.00,188.00,3.76
328,5,218,9,16921,1,97.75,97.75,3.91
329,5,218,10,16921,2,103.28,206.56,2.07
330,6,74,5,16923,1,2521.10,2521.10,151.27
331,8,249,7,16923,1,139.50,139.50,4.19
332,3,185,2,16925,1,8280.90,8280.90,248.43
333,3,185,8,16925,1,135.36,135.36,4.06
334,3,185,9,16925,1,97.75,97.75,5.86
335,2,105,4,16926,1,6509.30,6509.30,455.65
336,8,105,5,16927,2,2669.40,5338.80,160.16
337,8,105,8,16927,1,188.00,188.00,9.40
338,8,105,9,16927,1,82.80,82.80,4.97
339,5,191,5,16927,2,2669.40,5338.80,320.33
340,5,191,10,16927,1,114.75,114.75,8.03
341,10,191,2,16927,1,9201.00,9201.00,552.06
342,10,191,3,16927,1,3616.75,3616.75,180.84
343,10,31,5,16928,1,2372.80,2372.80,118.64
344,10,31,10,16928,1,91.80,91.80,3.67
345,2,192,3,16928,2,3616.75,7233.50,361.68
346,2,192,5,16928,1,2966.00,2966.00,207.62
347,2,192,8,16928,1,115.06,115.06,4.60
348,4,15,3,16930,1,78.20,78.20,4.69
349,4,15,4,16930,1,6509.30,6509.30,455.65
350,4,15,5,16930,1,2521.10,2521.10,126.06
351,4,15,9,16930,1,78.20,78.20,5.47
352,4,15,10,16930,1,135.00,135.00,4.05
353,5,16,7,16931,1,131.75,131.75,5.27
354,5,16,8,16931,1,159.80,159.80,4.79
355,6,115,2,16931,1,7360.80,7360.80,441.65
356,9,191,4,16932,1,6509.30,6509.30,195.28
357,9,191,8,16932,1,188.00,188.00,13.16
358,5,105,3,16935,1,4255.00,4255.00,127.65
359,5,105,7,16935,1,131.75,131.75,7.91
360,3,15,2,16936,1,7820.85,7820.85,312.83
361,3,15,8,16936,1,169.20,169.20,6.77
362,1,100,4,16936,1,5207.44,5207.44,156.22
363,1,100,10,16936,1,108.00,108.00,4.32
364,1,47,5,16936,1,2135.52,2135.52,64.07
365,10,120,8,16937,1,159.80,159.80,7.99
366,10,89,2,16939,1,9201.00,9201.00,644.07
367,10,89,5,16939,1,2016.88,2016.88,121.01
368,10,89,7,16939,1,131.75,131.75,6.59
369,7,91,2,16939,2,9201.00,18402.00,1104.12
370,7,91,8,16939,2,143.82,287.64,20.13
371,7,91,10,16939,1,97.20,97.20,6.80
372,6,115,6,16940,2,2659.50,5319.00,159.57
373,6,115,7,16940,1,124.00,124.00,4.96
374,6,115,8,16940,1,150.40,150.40,6.02
375,3,249,2,16941,2,7820.85,15641.70,469.25
376,3,249,3,16941,1,3616.75,3616.75,253.17
377,3,249,10,16941,2,135.00,270.00,8.10
378,1,58,5,16941,1,2268.99,2268.99,90.76
379,2,186,1,16944,1,7524.20,7524.20,376.21
380,2,186,5,16944,1,2268.99,2268.99,113.45
381,2,186,8,16944,1,188.00,188.00,7.52
382,2,186,9,16944,1,82.80,82.80,2.48
383,2,186,10,16944,1,114.75,114.75,6.89
384,9,89,1,16945,1,7524.20,7524.20,225.73
385,9,89,4,16945,1,5858.37,5858.37,234.33
386,9,89,8,16945,1,188.00,188.00,9.40
387,2,173,5,16946,1,2966.00,2966.00,207.62
388,2,173,8,16946,1,143.82,143.82,7.19
389,2,173,9,16946,1,97.75,97.75,3.91
390,4,249,5,16948,2,2966.00,5932.00,355.92
391,4,249,6,16948,1,2955.00,2955.00,206.85
392,4,249,8,16948,1,143.82,143.82,10.07
393,4,249,9,16948,1,92.00,92.00,6.44
394,5,58,1,16949,1,8852.00,8852.00,265.56
395,5,58,10,16949,1,114.75,114.75,6.89
396,9,120,5,16950,1,2521.10,2521.10,75.63
397,1,54,2,16950,1,9201.00,9201.00,552.06
398,10,115,3,16952,1,3616.75,3616.75,108.50
399,10,115,7,16952,1,124.00,124.00,8.68
400,10,115,10,16952,1,97.20,97.20,3.89
401,2,120,7,16952,2,155.00,310.00,9.30
402,4,249,7,16952,1,131.75,131.75,6.59
403,3,100,7,16952,1,111.60,111.60,5.58
404,3,100,8,16952,1,159.80,159.80,7.99
405,3,100,9,16952,1,103.50,103.50,4.14
406,3,100,10,16952,1,121.50,121.50,3.65
407,5,115,2,16955,2,7820.85,15641.70,1094.92
408,5,115,4,16955,2,6509.30,13018.60,1301.86
409,6,58,2,16957,2,9201.00,18402.00,1840.20
410,6,58,6,16957,1,2955.00,2955.00,265.95
411,6,58,10,16957,1,114.75,114.75,10.33
412,8,47,4,16959,1,6509.30,6509.30,650.93
413,6,185,8,16961,1,159.80,159.80,14.38
414,9,91,5,16962,1,2521.10,2521.10,176.48
415,9,91,6,16962,1,2127.60,2127.60,148.93
416,9,91,7,16962,1,131.75,131.75,10.54
417,10,233,3,16965,1,3255.08,3255.08,292.96
418,10,233,8,16965,1,143.82,143.82,12.94
419,9,115,4,16968,2,6509.30,13018.60,1301.86
420,9,115,7,16968,1,139.50,139.50,12.56
421,8,192,5,16968,1,2521.10,2521.10,226.90
422,8,192,6,16968,1,2659.50,2659.50,265.95
423,10,89,1,16968,1,7966.80,7966.80,717.01
424,10,89,5,16968,2,2966.00,5932.00,415.24
425,10,89,6,16968,1,2955.00,2955.00,206.85
426,10,89,7,16968,1,105.40,105.40,7.38
427,10,191,10,16968,1,121.50,121.50,12.15
428,6,31,3,16969,1,3255.08,3255.08,227.86
429,6,31,9,16969,1,78.20,78.20,6.26
430,6,31,10,16969,1,114.75,114.75,9.18
431,2,192,5,16969,1,2966.00,2966.00,207.62
432,2,192,8,16969,1,188.00,188.00,15.04
433,2,192,10,16969,1,135.00,135.00,12.15
434,6,185,2,16970,1,9201.00,9201.00,736.08
435,6,185,9,16970,1,97.75,97.75,8.80
436,6,185,10,16970,1,114.75,114.75,8.03
437,2,191,8,16970,1,169.20,169.20,13.54
438,9,115,2,16970,2,7038.77,14077.54,1407.75
439,9,115,3,16970,1,3829.50,3829.50,306.36
440,9,115,5,16970,1,2268.99,2268.99,226.90
441,9,115,8,16970,1,169.20,169.20,15.23
442,3,91,5,16970,1,2016.88,2016.88,161.35
443,7,115,1,16972,1,8852.00,8852.00,619.64
444,4,218,1,16973,1,7524.20,7524.20,677.18
445,4,218,8,16973,1,150.40,150.40,15.04
446,5,120,1,16974,1,7966.80,7966.80,637.34
447,5,120,2,16974,1,7360.80,7360.80,736.08
448,5,120,9,16974,1,82.80,82.80,6.62
449,5,120,10,16974,1,121.50,121.50,8.51
450,6,47,8,16977,1,188.00,188.00,16.92
451,5,192,8,16978,1,188.00,188.00,15.04
452,5,192,9,16978,1,78.20,78.20,7.04
453,5,192,10,16978,1,121.50,121.50,8.51
454,5,173,2,16979,2,7360.80,14721.60,1472.16
455,5,173,6,16979,1,2511.75,2511.75,226.06
456,5,173,7,16979,1,118.58,118.58,9.49
457,5,173,9,16979,1,115.00,115.00,11.50
458,10,202,2,16980,2,8280.90,16561.80,1159.33
459,7,79,3,16981,2,3616.75,7233.50,651.02
460,7,79,10,16981,1,114.75,114.75,8.03
461,1,54,7,16982,1,139.50,139.50,9.76
462,2,136,1,16983,1,8852.00,8852.00,796.68
463,2,136,4,16983,2,6892.20,13784.40,964.91
464,2,136,9,16983,1,115.00,115.00,8.05
465,2,233,3,16986,1,3829.50,3829.50,268.07
466,2,233,4,16986,1,5207.44,5207.44,416.60
467,2,233,7,16986,1,139.50,139.50,12.56
468,2,233,10,16986,2,135.00,270.00,18.90
469,5,32,4,16987,1,7658.00,7658.00,765.80
470,5,32,5,16987,1,2669.40,2669.40,266.94
471,5,32,7,16987,1,131.75,131.75,10.54
472,5,32,8,16987,1,159.80,159.80,14.38
473,8,115,6,16988,1,2955.00,2955.00,295.50
474,8,115,7,16988,1,155.00,155.00,17.05
475,2,120,3,16988,2,4255.00,8510.00,765.90
476,3,47,4,16988,1,7658.00,7658.00,765.80
477,3,47,10,16988,1,135.00,135.00,9.45
478,8,185,1,16989,1,6771.78,6771.78,744.90
479,8,185,8,16989,1,188.00,188.00,18.80
480,8,185,10,16989,1,135.00,135.00,14.85
481,9,136,2,16989,1,7360.80,7360.80,736.08
482,9,136,6,16989,1,2260.58,2260.58,271.27
483,9,136,8,16989,1,188.00,188.00,22.56
484,9,136,9,16989,1,97.75,97.75,11.73
485,9,136,10,16989,1,114.75,114.75,11.48
486,9,27,6,16989,2,2659.50,5319.00,585.09
487,9,27,7,16989,1,118.58,118.58,13.04
488,9,27,9,16989,1,115.00,115.00,13.80
489,6,89,9,16989,1,92.00,92.00,9.20
490,6,115,7,16992,1,118.58,118.58,14.23
491,6,115,8,16992,1,159.80,159.80,17.58
492,6,115,9,16992,1,78.20,78.20,9.38
493,6,115,10,16992,1,135.00,135.00,16.20
494,4,218,3,16993,2,3616.75,7233.50,723.35
495,4,218,7,16993,1,155.00,155.00,15.50
496,4,218,9,16993,1,103.50,103.50,10.35
497,2,100,9,16994,1,103.50,103.50,12.42
498,9,31,5,16994,1,2521.10,2521.10,302.53
499,9,31,7,16994,1,131.75,131.75,15.81
500,10,32,2,16995,1,9201.00,9201.00,920.10
501,10,32,10,16995,1,121.50,121.50,13.37
502,10,202,6,16996,2,2260.58,4521.16,497.33
503,10,202,8,16996,1,169.20,169.20,20.30
504,10,202,9,16996,1,92.00,92.00,11.04
505,10,202,10,16996,1,135.00,135.00,13.50
506,10,100,4,16998,1,5858.37,5858.37,703.00
507,2,218,6,16999,2,2260.58,4521.16,497.33
508,8,218,10,16999,2,103.28,206.56,22.72
509,4,100,3,17000,1,3616.75,3616.75,361.68
510,4,100,7,17000,1,155.00,155.00,17.05
511,4,100,10,17000,1,121.50,121.50,13.37
512,4,31,4,17001,1,6892.20,6892.20,689.22
513,4,31,8,17001,1,115.06,115.06,11.51
514,1,74,6,17001,1,2955.00,2955.00,354.60
515,10,54,1,17002,1,7524.20,7524.20,752.42
516,10,54,4,17002,1,6892.20,6892.20,689.22
517,1,31,1,17003,1,7524.20,7524.20,827.66
518,4,32,4,17004,1,6126.40,6126.40,735.17
519,4,32,5,17004,2,2521.10,5042.20,605.06
520,3,218,9,17006,2,115.00,230.00,23.00
521,10,185,2,17008,1,7820.85,7820.85,782.09
522,9,79,4,17008,2,6509.30,13018.60,1562.23
523,9,79,5,17008,1,2966.00,2966.00,296.60
524,9,79,6,17008,1,2955.00,2955.00,325.05
525,9,79,7,17008,1,155.00,155.00,15.50
526,9,79,9,17008,1,115.00,115.00,11.50
527,9,79,10,17008,2,103.28,206.56,22.72
528,3,79,3,17010,1,4255.00,4255.00,425.50
529,3,79,5,17010,1,2966.00,2966.00,326.26
530,3,79,10,17010,1,91.80,91.80,11.02
531,9,233,1,17011,1,8852.00,8852.00,1062.24
532,9,233,3,17011,1,4255.00,4255.00,425.50
533,9,233,6,17011,1,2955.00,2955.00,295.50
534,7,173,6,17011,1,2955.00,2955.00,295.50
535,6,89,1,17013,2,7524.20,15048.40,1805.81
536,10,100,1,17016,1,8852.00,8852.00,1239.28
537,10,100,4,17016,1,6509.30,6509.30,911.30
538,10,100,6,17016,1,2127.60,2127.60,255.31
539,10,100,9,17016,1,78.20,78.20,10.95
540,8,185,1,17019,1,8852.00,8852.00,1150.76
541,8,185,4,17019,2,6509.30,13018.60,1301.86
542,8,185,5,17019,1,2966.00,2966.00,296.60
543,8,185,9,17019,2,97.75,195.50,23.46
544,8,185,10,17019,1,114.75,114.75,16.07
545,7,91,6,17020,2,2955.00,5910.00,650.10
546,8,185,9,17020,1,97.75,97.75,14.66
547,7,233,9,17023,2,87.98,175.96,24.63
548,2,173,9,17023,1,82.80,82.80,9.94
549,2,173,10,17023,1,135.00,135.00,16.20
550,2,32,2,17023,1,8280.90,8280.90,1159.33
551,2,32,3,17023,1,4255.00,4255.00,595.70
552,2,185,6,17024,1,2260.58,2260.58,226.06
553,2,185,7,17024,1,139.50,139.50,13.95
554,2,185,8,17024,1,188.00,188.00,22.56
555,3,31,3,17024,1,2893.40,2893.40,289.34
556,3,31,4,17024,2,7658.00,15316.00,1837.92
557,3,31,10,17024,1,103.28,103.28,15.49
558,5,16,1,17025,1,8852.00,8852.00,1150.76
559,5,16,4,17025,1,6126.40,6126.40,918.96
560,5,16,7,17025,1,131.75,131.75,14.49
561,5,16,8,17025,1,159.80,159.80,22.37
562,5,16,9,17025,1,97.75,97.75,10.75
563,5,16,10,17025,1,114.75,114.75,12.62
564,3,185,3,17025,1,3616.75,3616.75,470.18
565,3,185,4,17025,1,6126.40,6126.40,735.17
566,3,185,5,17025,1,2966.00,2966.00,355.92
567,3,185,6,17025,1,2955.00,2955.00,413.70
568,3,185,7,17025,1,118.58,118.58,15.42
569,3,185,8,17025,1,143.82,143.82,20.13
570,3,185,9,17025,1,78.20,78.20,10.95
571,3,185,10,17025,1,103.28,103.28,10.33
572,2,79,5,17026,1,2268.99,2268.99,294.97
573,3,115,1,17026,1,6771.78,6771.78,744.90
574,3,115,3,17026,1,3829.50,3829.50,536.13
575,3,115,7,17026,1,139.50,139.50,13.95
576,3,115,9,17026,1,97.75,97.75,13.69
577,3,115,10,17026,1,135.00,135.00,18.90
578,6,233,3,17026,1,3616.75,3616.75,542.51
579,6,233,7,17026,1,131.75,131.75,14.49
580,6,233,9,17026,1,92.00,92.00,13.80
581,6,233,10,17026,1,114.75,114.75,11.48
582,1,192,1,17029,1,6771.78,6771.78,744.90
583,1,192,2,17029,1,8280.90,8280.90,1076.52
584,1,192,3,17029,2,3829.50,7659.00,765.90
585,5,233,8,17029,1,169.20,169.20,18.61
586,5,185,10,17030,1,97.20,97.20,10.69
587,7,185,7,17030,1,131.75,131.75,18.45
588,7,185,9,17030,1,97.75,97.75,14.66
589,1,100,3,17030,1,4255.00,4255.00,553.15
590,1,100,9,17030,1,97.75,97.75,9.78
591,1,100,10,17030,1,97.20,97.20,13.61
592,6,115,5,17032,2,2966.00,5932.00,771.16
593,6,115,8,17032,1,143.82,143.82,21.57
594,6,32,2,17032,1,7038.77,7038.77,844.65
595,6,32,3,17032,1,3829.50,3829.50,459.54
596,6,32,4,17032,2,6509.30,13018.60,1301.86
597,6,32,5,17032,1,2966.00,2966.00,385.58
598,6,162,2,17034,1,7820.85,7820.85,1094.92
599,6,162,4,17034,1,5858.37,5858.37,820.17
600,6,162,10,17034,1,135.00,135.00,13.50
601,1,79,1,17034,1,6019.36,6019.36,842.71
602,1,79,3,17034,1,4255.00,4255.00,595.70
603,1,79,10,17034,1,135.00,135.00,17.55
604,3,84,1,17035,1,8852.00,8852.00,1150.76
605,3,84,3,17035,1,4255.00,4255.00,595.70
606,3,84,8,17035,1,188.00,188.00,22.56
607,1,81,5,17036,2,2521.10,5042.20,504.22
608,1,81,6,17036,1,2955.00,2955.00,443.25
609,3,252,5,17036,1,2521.10,2521.10,302.53
610,3,252,6,17036,1,2955.00,2955.00,413.70
611,3,252,7,17036,1,118.58,118.58,11.86
612,3,252,8,17036,1,188.00,188.00,18.80
613,10,107,4,17036,1,6509.30,6509.30,911.30
614,10,107,6,17036,1,2364.00,2364.00,307.32
615,10,107,9,17036,1,103.50,103.50,12.42
616,3,63,1,17037,1,6019.36,6019.36,662.13
617,3,63,3,17037,1,3616.75,3616.75,470.18
618,3,63,4,17037,1,7658.00,7658.00,842.38
619,3,63,6,17037,1,2009.40,2009.40,301.41
620,3,63,10,17037,1,135.00,135.00,13.50
621,10,188,3,17039,1,3829.50,3829.50,421.25
622,10,188,7,17039,1,155.00,155.00,15.50
623,1,162,5,17040,2,2966.00,5932.00,889.80
624,1,162,7,17040,1,131.75,131.75,18.45
625,8,14,2,17040,1,7360.80,7360.80,809.69
626,5,77,4,17041,2,7658.00,15316.00,1837.92
627,5,77,10,17041,1,135.00,135.00,13.50
628,9,25,1,17045,1,7966.80,7966.80,1035.68
629,9,25,2,17045,1,7038.77,7038.77,985.43
630,9,25,7,17045,1,111.60,111.60,13.39
631,9,25,9,17045,1,115.00,115.00,11.50
632,9,25,10,17045,1,114.75,114.75,11.48
633,3,181,9,17047,1,97.75,97.75,19.55
634,2,180,3,17049,1,4255.00,4255.00,680.80
635,2,180,4,17049,2,5858.37,11716.74,2109.01
636,2,180,7,17049,1,155.00,155.00,27.90
637,2,180,10,17049,1,103.28,103.28,20.66
638,8,53,10,17050,2,82.62,165.24,24.79
639,1,187,2,17050,2,8280.90,16561.80,3146.74
640,1,187,3,17050,1,4255.00,4255.00,510.60
641,1,187,7,17050,1,118.58,118.58,15.42
642,9,239,5,17051,2,2966.00,5932.00,1186.40
643,9,239,8,17051,1,159.80,159.80,28.76
644,9,239,9,17051,1,115.00,115.00,18.40
645,3,107,2,17052,1,9201.00,9201.00,1472.16
646,1,56,7,17053,1,124.00,124.00,16.12
647,1,56,10,17053,1,91.80,91.80,13.77
648,8,133,4,17054,1,6509.30,6509.30,1301.86
649,8,133,6,17054,1,2127.60,2127.60,404.24
650,8,153,6,17055,1,2260.58,2260.58,361.69
651,8,153,7,17055,1,131.75,131.75,22.40
652,8,153,8,17055,1,188.00,188.00,35.72
653,8,153,10,17055,1,121.50,121.50,20.66
654,8,131,5,17056,1,2966.00,2966.00,385.58
655,8,131,9,17056,2,115.00,230.00,32.20
656,8,131,10,17056,1,121.50,121.50,15.80
657,2,217,8,17057,1,159.80,159.80,20.77
658,2,217,10,17057,1,103.28,103.28,13.43
659,10,65,6,17058,1,2511.75,2511.75,427.00
660,10,147,5,17060,2,2966.00,5932.00,830.48
661,5,46,9,17061,1,115.00,115.00,17.25
662,6,36,1,17062,1,8852.00,8852.00,1593.36
663,10,126,7,17063,1,155.00,155.00,20.15
664,10,126,8,17063,1,169.20,169.20,25.38
665,7,46,9,17063,2,87.98,175.96,22.87
666,9,238,1,17064,1,8852.00,8852.00,1327.80
667,9,238,9,17064,1,103.50,103.50,19.67
668,9,232,3,17067,1,3255.08,3255.08,488.26
669,5,238,1,17069,1,6373.44,6373.44,892.28
670,5,238,5,17069,1,2669.40,2669.40,427.10
671,5,238,6,17069,1,2511.75,2511.75,401.88
672,5,238,10,17069,1,121.50,121.50,17.01
673,5,140,4,17070,1,6892.20,6892.20,1378.44
674,5,140,7,17070,1,118.58,118.58,17.79
675,3,242,5,17070,1,2521.10,2521.10,327.74
676,3,242,8,17070,1,159.80,159.80,25.57
677,3,242,9,17070,1,103.50,103.50,19.67
678,3,242,10,17070,1,121.50,121.50,19.44
679,1,39,1,17070,1,7524.20,7524.20,1279.11
680,1,39,7,17070,1,139.50,139.50,18.14
681,1,39,9,17070,1,115.00,115.00,17.25
682,10,42,3,17071,1,4255.00,4255.00,510.60
683,10,145,1,17071,2,7524.20,15048.40,2257.26
684,10,145,7,17071,1,118.58,118.58,23.72
685,10,145,9,17071,1,115.00,115.00,20.70
686,10,145,10,17071,1,135.00,135.00,25.65
687,7,51,5,17071,1,2268.99,2268.99,408.42
688,7,75,4,17072,1,7658.00,7658.00,1072.12
689,1,154,1,17073,1,8852.00,8852.00,1593.36
690,1,154,5,17073,1,2521.10,2521.10,378.17
691,1,154,9,17073,1,115.00,115.00,23.00
692,10,30,7,17073,1,155.00,155.00,20.15
693,10,30,8,17073,1,169.20,169.20,23.69
694,10,30,9,17073,1,115.00,115.00,20.70
695,7,255,1,17074,2,6771.78,13543.56,2437.84
696,3,106,3,17074,1,4255.00,4255.00,553.15
697,3,106,10,17074,1,103.28,103.28,19.62
698,9,195,2,17076,1,7820.85,7820.85,1251.34
699,9,195,7,17076,1,111.60,111.60,13.39
700,3,83,3,17077,1,4255.00,4255.00,723.35
701,3,83,5,17077,1,2268.99,2268.99,317.66
702,3,83,8,17077,1,159.80,159.80,27.17
703,2,112,3,17077,2,3829.50,7659.00,1761.57
704,2,112,6,17077,2,2511.75,5023.50,653.06
705,5,237,2,17081,1,9201.00,9201.00,1932.21
706,5,237,5,17081,1,2966.00,2966.00,593.20
707,6,52,5,17082,1,2669.40,2669.40,533.88
708,6,52,7,17082,1,139.50,139.50,27.90
709,6,52,8,17082,1,188.00,188.00,22.56
710,6,52,10,17082,1,135.00,135.00,20.25
711,5,141,1,17084,1,6771.78,6771.78,1083.48
712,9,152,5,17085,1,2521.10,2521.10,352.95
713,9,152,6,17085,1,2127.60,2127.60,297.86
714,9,152,8,17085,1,188.00,188.00,41.36
715,5,142,10,17087,1,121.50,121.50,15.80
716,3,203,1,17088,1,8852.00,8852.00,1947.44
717,1,83,6,17088,1,2511.75,2511.75,552.59
718,4,96,3,17090,1,3616.75,3616.75,831.85
719,1,236,2,17090,2,8280.90,16561.80,2815.51
720,10,75,10,17091,1,135.00,135.00,21.60
721,5,36,2,17091,1,7820.85,7820.85,1720.59
722,5,36,10,17091,1,114.75,114.75,20.66
723,3,33,7,17091,2,105.40,210.80,35.84
724,1,227,1,17092,1,7524.20,7524.20,1655.32
725,1,227,8,17092,1,150.40,150.40,19.55
726,2,84,2,17093,1,7820.85,7820.85,1407.75
727,2,84,4,17093,1,5513.76,5513.76,992.48
728,2,84,8,17093,1,188.00,188.00,30.08
729,9,35,5,17093,1,2521.10,2521.10,630.28
730,9,35,10,17093,1,135.00,135.00,33.75
731,7,114,3,17095,1,3616.75,3616.75,868.02
732,7,114,4,17095,1,6509.30,6509.30,781.12
733,10,24,5,17097,1,2521.10,2521.10,579.85
734,10,24,9,17097,1,97.75,97.75,21.51
735,2,19,5,17097,1,2521.10,2521.10,504.22
736,2,19,10,17097,1,135.00,135.00,16.20
737,1,210,3,17098,1,3255.08,3255.08,651.02
738,4,14,7,17100,1,118.58,118.58,20.16
739,4,14,10,17100,1,135.00,135.00,28.35
740,4,215,9,17100,1,115.00,115.00,21.85
741,9,176,2,17101,1,5631.01,5631.01,957.27
742,9,176,8,17101,1,159.80,159.80,30.36
743,9,40,6,17101,1,2260.58,2260.58,316.48
744,9,40,7,17101,1,155.00,155.00,34.10
745,9,40,9,17101,1,87.98,87.98,12.32
746,3,134,6,17101,2,2511.75,5023.50,1255.88
747,6,104,6,17102,1,2511.75,2511.75,602.82
748,6,104,7,17102,1,155.00,155.00,23.25
749,6,104,10,17102,1,103.28,103.28,15.49
750,2,203,1,17102,1,8852.00,8852.00,1858.92
751,2,203,2,17102,2,7820.85,15641.70,2346.26
752,2,203,4,17102,1,4686.70,4686.70,937.34
753,9,63,4,17103,1,6126.40,6126.40,918.96
754,9,63,7,17103,1,155.00,155.00,31.00
755,9,63,9,17103,1,87.98,87.98,11.44
756,9,190,2,17103,1,7820.85,7820.85,1720.59
757,9,190,8,17103,1,169.20,169.20,20.30
758,9,190,9,17103,1,70.38,70.38,14.78
759,10,20,6,17106,1,2260.58,2260.58,565.15
760,10,20,9,17106,1,115.00,115.00,19.55
761,8,246,5,17106,1,2966.00,2966.00,711.84
762,8,246,10,17106,1,114.75,114.75,28.69
763,3,68,2,17107,1,7820.85,7820.85,1720.59
764,3,68,3,17107,1,4255.00,4255.00,1233.95
765,3,68,4,17107,1,7658.00,7658.00,1991.08
766,3,68,9,17107,1,97.75,97.75,24.44
767,3,68,10,17107,1,135.00,135.00,36.45
768,9,180,5,17107,1,2669.40,2669.40,640.66
769,9,180,9,17107,1,87.98,87.98,17.60
770,4,196,3,17107,2,3829.50,7659.00,1991.34
771,1,21,2,17108,1,7820.85,7820.85,1955.21
772,1,21,3,17108,1,4255.00,4255.00,1063.75
773,1,156,4,17108,1,7658.00,7658.00,1455.02
774,1,156,8,17108,1,150.40,150.40,30.08
775,1,156,9,17108,1,87.98,87.98,21.12
776,1,156,10,17108,1,121.50,121.50,30.38
777,2,149,2,17108,1,8280.90,8280.90,2318.65
778,2,149,7,17108,1,155.00,155.00,27.90
779,7,126,3,17109,2,3616.75,7233.50,1663.71
780,7,126,5,17109,2,2268.99,4537.98,862.22
781,7,126,7,17109,1,131.75,131.75,39.53
782,7,126,8,17109,1,188.00,188.00,56.40
783,7,126,9,17109,1,87.98,87.98,24.63
784,7,126,10,17109,1,114.75,114.75,20.66
785,3,97,8,17110,1,159.80,159.80,44.74
786,3,97,9,17110,1,92.00,92.00,25.76
787,5,141,1,17111,1,8852.00,8852.00,2035.96
788,5,256,3,17113,2,4255.00,8510.00,2467.90
789,5,256,6,17113,1,2009.40,2009.40,401.88
790,5,256,7,17113,1,139.50,139.50,36.27
791,5,116,5,17113,1,2521.10,2521.10,529.43
792,5,116,9,17113,1,115.00,115.00,23.00
793,5,116,10,17113,1,135.00,135.00,39.15
794,6,30,1,17115,1,7524.20,7524.20,1730.57
795,6,30,9,17115,1,103.50,103.50,31.05
796,1,232,8,17115,1,143.82,143.82,31.64
797,3,101,2,17116,2,8280.90,16561.80,3312.36
798,3,101,5,17116,1,2966.00,2966.00,563.54
799,5,144,8,17117,1,159.80,159.80,47.94
800,6,241,4,17118,1,6892.20,6892.20,1585.21
801,6,241,7,17118,1,131.75,131.75,35.57
802,6,241,8,17118,1,159.80,159.80,33.56
803,2,78,2,17118,1,8280.90,8280.90,1821.80
804,2,78,3,17118,1,4255.00,4255.00,936.10
805,2,78,8,17118,1,169.20,169.20,40.61
806,2,78,9,17118,1,103.50,103.50,21.74
807,2,78,10,17118,2,114.75,229.50,64.26
808,9,231,8,17119,1,143.82,143.82,40.27
809,9,231,9,17119,1,103.50,103.50,23.81
810,9,96,3,17121,1,3255.08,3255.08,813.77
811,9,96,4,17121,1,6509.30,6509.30,1301.86
812,9,96,10,17121,1,108.00,108.00,20.52
813,6,219,1,17122,2,7966.80,15933.60,3186.72
814,6,219,2,17122,2,8280.90,16561.80,4140.45
815,10,52,7,17122,1,105.40,105.40,20.03
816,10,127,3,17123,1,3829.50,3829.50,957.38
817,5,203,3,17123,2,4255.00,8510.00,2297.70
818,5,72,6,17125,1,2511.75,2511.75,502.35
819,10,162,8,17125,2,159.80,319.60,60.72
820,2,17,9,17127,1,103.50,103.50,23.81
821,4,198,1,17128,1,5417.42,5417.42,975.14
822,4,198,2,17128,1,9201.00,9201.00,2300.25
823,4,198,8,17128,1,127.84,127.84,26.85
824,4,117,2,17128,1,7360.80,7360.80,1913.81
825,4,117,6,17128,1,2260.58,2260.58,497.33
826,4,117,7,17128,1,139.50,139.50,33.48
827,4,117,8,17128,1,143.82,143.82,33.08
828,4,117,9,17128,1,103.50,103.50,26.91
829,9,224,5,17128,1,2669.40,2669.40,747.43
830,7,124,4,17129,1,5858.37,5858.37,1171.67
831,7,124,8,17129,1,169.20,169.20,37.22
832,5,255,1,17129,1,7081.60,7081.60,1628.77
833,5,255,2,17129,1,7820.85,7820.85,1955.21
834,5,255,4,17129,2,5858.37,11716.74,3046.35
835,5,255,7,17129,1,139.50,139.50,25.11
836,5,255,8,17129,1,159.80,159.80,33.56
837,5,255,9,17129,1,97.75,97.75,27.37
838,2,101,1,17130,1,7524.20,7524.20,1504.84
839,2,101,4,17130,2,6509.30,13018.60,2733.91
840,2,101,9,17130,1,70.38,70.38,16.89
841,6,230,7,17130,1,118.58,118.58,23.72
842,6,230,8,17130,1,169.20,169.20,45.68
843,6,230,10,17130,1,135.00,135.00,36.45
844,6,230,2,17131,1,9201.00,9201.00,2300.25
845,6,230,5,17131,1,2669.40,2669.40,640.66
846,6,230,8,17131,1,188.00,188.00,48.88
847,6,230,9,17131,1,103.50,103.50,21.74
848,8,171,9,17131,1,115.00,115.00,20.70
849,8,171,10,17131,1,114.75,114.75,28.69
850,1,52,7,17131,1,118.58,118.58,22.53
851,1,52,8,17131,1,135.36,135.36,36.55
852,4,243,7,17131,1,105.40,105.40,26.35
853,4,243,9,17131,1,115.00,115.00,34.50
854,5,138,6,17134,1,2955.00,2955.00,620.55
855,6,177,7,17135,1,155.00,155.00,43.40
856,6,177,8,17135,1,169.20,169.20,33.84
857,7,182,3,17136,2,3829.50,7659.00,1608.39
858,7,182,6,17136,1,2955.00,2955.00,827.40
859,9,42,1,17136,1,7524.20,7524.20,1881.05
860,9,42,5,17136,1,2966.00,2966.00,533.88
861,9,42,8,17136,1,143.82,143.82,27.33
862,3,116,4,17137,2,6509.30,13018.60,4816.88
863,3,116,9,17137,1,92.00,92.00,34.96
864,3,108,1,17138,1,7966.80,7966.80,1991.70
865,3,108,8,17138,1,159.80,159.80,49.54
866,3,108,9,17138,1,115.00,115.00,33.35
867,3,160,8,17138,1,169.20,169.20,52.45
868,3,237,2,17139,1,7038.77,7038.77,1900.47
869,3,237,10,17139,1,91.80,91.80,34.88
870,7,245,3,17140,1,3255.08,3255.08,1302.03
871,7,245,6,17140,1,2511.75,2511.75,627.94
872,5,172,4,17140,1,6509.30,6509.30,2017.88
873,1,255,2,17141,1,9201.00,9201.00,2944.32
874,1,255,4,17141,1,7658.00,7658.00,2527.14
875,1,255,7,17141,2,118.58,237.16,71.15
876,7,67,6,17141,1,2260.58,2260.58,587.75
877,6,35,6,17142,1,2955.00,2955.00,1152.45
878,6,35,7,17142,1,105.40,105.40,37.94
879,7,178,2,17145,1,8280.90,8280.90,2981.12
880,7,178,3,17145,1,3616.75,3616.75,1085.03
881,7,178,9,17145,1,97.75,97.75,39.10
882,7,178,10,17145,1,135.00,135.00,43.20
883,8,8,7,17146,1,155.00,155.00,60.45
884,9,200,1,17146,1,8852.00,8852.00,2390.04
885,9,200,9,17146,1,97.75,97.75,31.28
886,9,200,10,17146,1,114.75,114.75,41.31
887,7,75,1,17147,1,7524.20,7524.20,2407.74
888,7,75,5,17147,2,2966.00,5932.00,2313.48
889,7,75,7,17147,1,111.60,111.60,40.18
890,7,75,10,17147,1,103.28,103.28,33.05
891,4,208,3,17148,2,4255.00,8510.00,2297.70
892,9,225,2,17148,2,7038.77,14077.54,4364.04
893,9,225,7,17148,1,131.75,131.75,47.43
894,9,225,9,17148,1,87.98,87.98,28.15
895,9,225,10,17148,1,121.50,121.50,35.24
896,7,228,5,17149,1,2521.10,2521.10,806.75
897,7,228,8,17149,1,127.84,127.84,37.07
898,7,251,4,17149,1,6892.20,6892.20,2412.27
899,7,251,5,17149,1,2268.99,2268.99,862.22
900,7,251,9,17149,1,103.50,103.50,39.33
901,7,251,10,17149,1,114.75,114.75,33.28
902,10,106,10,17150,2,97.20,194.40,52.49
903,5,60,2,17151,2,9201.00,18402.00,5704.62
904,8,38,3,17152,1,4255.00,4255.00,1233.95
905,8,38,10,17152,1,121.50,121.50,37.67
906,8,156,7,17153,1,118.58,118.58,41.50
907,8,156,10,17153,1,135.00,135.00,52.65
908,8,126,7,17154,1,118.58,118.58,41.50
909,8,126,8,17154,1,159.80,159.80,44.74
910,8,126,9,17154,1,97.75,97.75,28.35
911,8,126,10,17154,1,114.75,114.75,34.43
912,8,148,1,17155,1,8852.00,8852.00,2390.04
913,8,148,3,17155,1,4255.00,4255.00,1063.75
914,8,148,7,17155,1,131.75,131.75,38.21
915,8,148,9,17155,1,97.75,97.75,27.37
916,8,148,10,17155,1,103.28,103.28,29.95
917,9,156,4,17156,1,6892.20,6892.20,1860.89
918,9,156,6,17156,1,2009.40,2009.40,803.76
919,10,33,5,17156,2,2966.00,5932.00,2254.16
920,7,238,10,17156,1,103.28,103.28,26.85
921,2,49,2,17157,1,8280.90,8280.90,2153.03
922,2,49,7,17157,1,155.00,155.00,60.45
923,4,168,1,17157,1,6771.78,6771.78,2234.69
924,4,168,4,17157,1,6892.20,6892.20,2067.66
925,4,168,6,17157,1,2955.00,2955.00,1182.00
926,10,42,4,17158,2,6892.20,13784.40,5100.23
927,10,42,7,17158,1,124.00,124.00,34.72
928,10,42,8,17158,1,150.40,150.40,60.16
929,2,65,1,17159,1,7524.20,7524.20,2859.20
930,2,65,2,17159,1,9201.00,9201.00,3312.36
931,2,65,7,17159,1,155.00,155.00,51.15
932,2,65,9,17159,1,115.00,115.00,43.70
933,2,103,4,17159,1,7658.00,7658.00,2220.82
934,2,103,5,17159,1,2669.40,2669.40,694.04
935,2,103,9,17159,1,87.98,87.98,33.43
936,1,238,6,17160,2,2511.75,5023.50,1306.11
937,1,238,8,17160,1,159.80,159.80,63.92
938,4,62,1,17161,1,6771.78,6771.78,2437.84
939,4,62,2,17161,1,7820.85,7820.85,1955.21
940,6,224,2,17164,2,9201.00,18402.00,6256.68
941,6,185,8,16802,1,150.40,150.40,1.50
942,1,251,2,16802,1,7820.85,7820.85,0.00
943,1,251,9,16802,1,97.75,97.75,0.98
944,1,251,10,16802,1,135.00,135.00,1.35
945,5,251,2,16803,1,7820.85,7820.85,0.00
946,5,251,6,16803,2,2955.00,5910.00,59.10
947,5,251,9,16803,1,97.75,97.75,0.98
948,7,31,5,16803,2,2966.00,5932.00,0.00
949,7,31,7,16803,1,155.00,155.00,0.00
950,8,120,1,16804,1,8852.00,8852.00,0.00
951,8,120,3,16804,2,3255.08,6510.16,65.10
952,8,120,4,16804,1,7658.00,7658.00,0.00
953,8,120,6,16804,1,2955.00,2955.00,0.00
954,8,120,10,16804,1,121.50,121.50,1.22
955,9,74,2,16805,2,9201.00,18402.00,184.02
956,2,202,1,16807,1,8852.00,8852.00,0.00
957,7,91,6,16807,1,2364.00,2364.00,23.64
958,7,91,7,16807,1,155.00,155.00,1.55
959,7,91,8,16807,1,188.00,188.00,1.88
960,7,91,9,16807,1,97.75,97.75,0.98
961,6,252,2,16807,1,7820.85,7820.85,78.21
962,6,252,3,16807,1,3616.75,3616.75,0.00
963,6,252,8,16807,2,188.00,376.00,0.00
964,6,252,9,16807,1,115.00,115.00,1.15
965,6,252,10,16807,1,108.00,108.00,1.08
966,9,191,1,16807,1,7524.20,7524.20,0.00
967,1,256,1,16809,1,7524.20,7524.20,0.00
968,1,256,4,16809,1,6509.30,6509.30,0.00
969,1,256,6,16809,1,2511.75,2511.75,0.00
970,7,32,1,16810,1,8852.00,8852.00,0.00
971,7,32,6,16810,1,2260.58,2260.58,0.00
972,7,32,7,16810,1,139.50,139.50,0.00
973,7,32,8,16810,1,159.80,159.80,0.00
974,4,136,2,16811,2,7820.85,15641.70,0.00
975,4,136,8,16811,1,188.00,188.00,1.88
976,4,255,3,16813,1,3255.08,3255.08,32.55
977,3,249,1,16813,1,6019.36,6019.36,60.19
978,3,249,10,16813,1,135.00,135.00,1.35
979,2,79,2,16814,2,7820.85,15641.70,0.00
980,2,79,8,16814,1,188.00,188.00,0.00
981,7,192,6,16814,1,2511.75,2511.75,25.12
982,7,192,7,16814,1,139.50,139.50,0.00
983,7,192,9,16814,1,115.00,115.00,1.15
984,7,192,10,16814,1,135.00,135.00,1.35
985,10,191,7,16815,1,155.00,155.00,1.55
986,10,136,3,16815,2,3616.75,7233.50,0.00
987,10,136,4,16815,1,7658.00,7658.00,76.58
988,10,136,5,16815,1,2016.88,2016.88,0.00
989,10,136,9,16815,1,87.98,87.98,0.88
990,9,218,7,16816,1,131.75,131.75,1.32
991,2,54,6,16818,1,2955.00,2955.00,0.00
992,2,74,1,16818,1,7524.20,7524.20,0.00
993,2,74,8,16818,1,127.84,127.84,0.00
994,3,192,5,16818,1,2521.10,2521.10,0.00
995,1,173,8,16819,1,159.80,159.80,1.60
996,1,173,10,16819,1,114.75,114.75,1.15
997,2,58,1,16820,1,8852.00,8852.00,88.52
998,2,58,5,16820,1,2268.99,2268.99,22.69
999,2,58,8,16820,1,169.20,169.20,0.00
1000,9,233,3,16822,1,3255.08,3255.08,32.55
1001,9,233,8,16822,1,188.00,188.00,1.88
1002,9,233,9,16822,1,97.75,97.75,0.00
1003,2,74,1,16822,1,8852.00,8852.00,0.00
1004,2,74,8,16822,1,127.84,127.84,0.00
1005,1,249,6,16823,2,2955.00,5910.00,0.00
1006,7,191,6,16823,1,2260.58,2260.58,22.61
1007,9,249,5,16824,1,2016.88,2016.88,0.00
1008,9,249,6,16824,1,2511.75,2511.75,25.12
1009,9,249,7,16824,1,94.86,94.86,0.95
1010,9,249,9,16824,1,87.98,87.98,0.88
1011,4,218,4,16824,1,6892.20,6892.20,68.92
1012,4,218,9,16824,1,115.00,115.00,1.15
1013,4,218,10,16824,1,121.50,121.50,1.22
1014,4,74,1,16825,1,8852.00,8852.00,88.52
1015,4,74,4,16825,1,6892.20,6892.20,0.00
1016,4,74,9,16825,1,78.20,78.20,0.00
1017,4,58,1,16825,1,6771.78,6771.78,67.72
1018,4,58,6,16825,1,2009.40,2009.40,0.00
1019,4,58,8,16825,1,159.80,159.80,1.60
1020,3,79,1,16825,2,7081.60,14163.20,0.00
1021,3,79,10,16825,1,121.50,121.50,0.00
1022,1,233,8,16827,1,159.80,159.80,1.60
1023,1,233,10,16827,1,103.28,103.28,1.03
1024,6,233,5,16828,1,2268.99,2268.99,22.69
1025,6,233,6,16828,1,2511.75,2511.75,0.00
1026,2,202,2,16828,1,9201.00,9201.00,0.00
1027,7,192,3,16828,2,3255.08,6510.16,65.10
1028,2,89,2,16828,1,7820.85,7820.85,78.21
1029,2,89,4,16828,1,7658.00,7658.00,0.00
1030,2,89,5,16828,1,2966.00,2966.00,29.66
1031,2,89,7,16828,1,155.00,155.00,1.55
1032,2,89,9,16828,1,103.50,103.50,1.04
1033,2,89,10,16828,1,135.00,135.00,0.00
1034,5,31,5,16830,2,2966.00,5932.00,0.00
1035,1,105,1,16831,1,6771.78,6771.78,0.00
1036,1,105,3,16831,1,3829.50,3829.50,0.00
1037,1,105,6,16831,1,2364.00,2364.00,23.64
1038,1,105,10,16831,1,114.75,114.75,1.15
1039,2,249,5,16831,1,2669.40,2669.40,26.69
1040,2,249,7,16831,1,131.75,131.75,0.00
1041,2,249,8,16831,1,188.00,188.00,0.00
1042,3,218,7,16833,1,118.58,118.58,0.00
1043,3,218,8,16833,1,188.00,188.00,1.88
1044,1,89,9,16834,1,115.00,115.00,0.00
1045,2,185,1,16834,1,7524.20,7524.20,0.00
1046,8,58,1,16835,1,6771.78,6771.78,67.72
1047,8,58,7,16835,1,131.75,131.75,1.32
1048,8,58,8,16835,1,159.80,159.80,0.00
1049,8,58,9,16835,1,97.75,97.75,0.00
1050,8,58,10,16835,1,135.00,135.00,0.00
1051,4,100,2,16837,2,7820.85,15641.70,156.42
1052,4,100,4,16837,1,5513.76,5513.76,55.14
1053,10,173,3,16840,2,2893.40,5786.80,0.00
1054,10,173,9,16840,1,78.20,78.20,0.00
1055,4,255,4,16841,1,5858.37,5858.37,0.00
1056,1,58,5,16841,1,2669.40,2669.40,0.00
1057,1,58,8,16841,1,188.00,188.00,1.88
1058,4,105,2,16841,1,5631.01,5631.01,56.31
1059,4,105,8,16841,1,188.00,188.00,0.00
1060,4,105,9,16841,1,103.50,103.50,1.04
1061,7,185,2,16842,1,9201.00,9201.00,92.01
1062,7,185,3,16842,1,2604.06,2604.06,0.00
1063,7,185,8,16842,1,188.00,188.00,0.00
1064,7,185,9,16842,1,103.50,103.50,0.00
1065,3,120,4,16842,1,5858.37,5858.37,0.00
1066,3,120,5,16842,1,2521.10,2521.10,0.00
1067,3,120,10,16842,1,121.50,121.50,0.00
1068,2,191,1,16843,1,7966.80,7966.80,0.00
1069,2,191,4,16843,1,5858.37,5858.37,58.58
1070,2,191,9,16843,1,115.00,115.00,0.00
1071,1,185,1,16843,1,7524.20,7524.20,75.24
1072,1,185,10,16843,2,114.75,229.50,2.29
1073,2,115,1,16844,1,7966.80,7966.80,79.67
1074,2,115,5,16844,1,2966.00,2966.00,0.00
1075,2,115,9,16844,1,87.98,87.98,0.00
1076,2,115,10,16844,1,91.80,91.80,0.00
1077,3,115,8,16845,1,169.20,169.20,1.69
1078,8,74,4,16845,2,6509.30,13018.60,0.00
1079,4,136,4,16846,1,7658.00,7658.00,76.58
1080,4,136,10,16846,2,121.50,243.00,2.43
1081,9,79,1,16846,1,8852.00,8852.00,88.52
1082,9,79,5,16846,1,2372.80,2372.80,23.73
1083,9,79,7,16846,1,139.50,139.50,0.00
1084,2,105,2,16847,1,8280.90,8280.90,82.81
1085,10,74,3,16851,1,3616.75,3616.75,36.17
1086,10,191,2,16852,1,7820.85,7820.85,78.21
1087,8,27,3,16853,1,3616.75,3616.75,0.00
1088,8,27,7,16853,1,155.00,155.00,1.55
1089,8,27,10,16853,1,114.75,114.75,0.00
1090,3,54,5,16853,1,2521.10,2521.10,0.00
1091,3,54,9,16853,1,87.98,87.98,0.00
1092,7,218,8,16853,1,135.36,135.36,0.00
1093,7,218,9,16853,1,87.98,87.98,0.88
1094,7,218,10,16853,1,135.00,135.00,0.00
1095,4,191,4,16854,1,6509.30,6509.30,65.09
1096,4,191,8,16854,1,169.20,169.20,1.69
1097,5,58,10,16856,1,114.75,114.75,0.00
1098,3,105,1,16856,2,8852.00,17704.00,0.00
1099,3,105,8,16856,1,169.20,169.20,1.69
1100,3,105,9,16856,1,78.20,78.20,0.78
1101,3,105,10,16856,1,121.50,121.50,0.00
1102,5,31,3,16856,1,3616.75,3616.75,36.17
1103,5,31,7,16856,1,118.58,118.58,0.00
1104,5,31,10,16856,1,103.28,103.28,1.03
1105,3,120,6,16857,1,2009.40,2009.40,0.00
1106,7,32,8,16859,1,127.84,127.84,1.28
1107,3,89,2,16859,1,7038.77,7038.77,70.39
1108,4,74,1,16859,1,6771.78,6771.78,0.00
1109,4,74,2,16859,1,6256.68,6256.68,62.57
1110,4,74,6,16859,1,2260.58,2260.58,0.00
1111,4,74,10,16859,1,135.00,135.00,1.35
1112,10,91,1,16860,1,8852.00,8852.00,0.00
1113,10,91,7,16860,1,155.00,155.00,1.55
1114,10,202,4,16863,1,7658.00,7658.00,382.90
1115,10,202,6,16863,1,2955.00,2955.00,118.20
1116,10,202,7,16863,1,124.00,124.00,4.96
1117,6,54,3,16865,2,3616.75,7233.50,217.01
1118,4,120,3,16865,1,3616.75,3616.75,180.84
1119,4,120,4,16865,1,6509.30,6509.30,260.37
1120,4,120,5,16865,1,2966.00,2966.00,29.66
1121,4,120,10,16865,1,114.75,114.75,2.30
1122,3,100,10,16865,1,91.80,91.80,1.84
1123,2,89,2,16865,1,9201.00,9201.00,460.05
1124,7,58,1,16868,1,8852.00,8852.00,531.12
1125,7,58,2,16868,1,9201.00,9201.00,276.03
1126,7,58,6,16868,1,2260.58,2260.58,45.21
1127,7,58,7,16868,1,94.86,94.86,4.74
1128,7,58,10,16868,1,135.00,135.00,2.70
1129,9,185,1,16869,2,7524.20,15048.40,601.94
1130,9,185,8,16869,1,127.84,127.84,3.84
1131,9,185,9,16869,1,97.75,97.75,2.93
1132,9,185,10,16869,1,103.28,103.28,5.16
1133,8,54,4,16870,1,6892.20,6892.20,206.77
1134,8,54,8,16870,1,169.20,169.20,3.38
1135,8,54,10,16870,1,135.00,135.00,2.70
1136,9,192,2,16871,1,8280.90,8280.90,248.43
1137,7,233,1,16872,2,5417.42,10834.84,108.35
1138,7,233,6,16872,1,2659.50,2659.50,53.19
1139,7,233,9,16872,1,103.50,103.50,4.14
1140,7,233,10,16872,1,108.00,108.00,5.40
1141,2,185,8,16873,1,159.80,159.80,1.60
1142,2,185,9,16873,1,115.00,115.00,1.15
1143,2,185,10,16873,1,114.75,114.75,6.89
1144,6,100,2,16874,1,8280.90,8280.90,331.24
1145,6,100,9,16874,1,87.98,87.98,1.76
1146,7,218,1,16875,1,8852.00,8852.00,177.04
1147,7,218,5,16875,1,2966.00,2966.00,88.98
1148,2,233,4,16875,2,5858.37,11716.74,234.33
1149,2,233,9,16875,1,103.50,103.50,5.18
1150,4,16,10,16876,1,103.28,103.28,5.16
1151,4,115,4,16876,1,6892.20,6892.20,275.69
1152,4,115,7,16876,1,124.00,124.00,2.48
1153,4,115,9,16876,1,97.75,97.75,3.91
1154,4,115,10,16876,1,91.80,91.80,3.67
1155,9,186,2,16878,1,7038.77,7038.77,351.94
1156,10,79,6,16878,2,2511.75,5023.50,301.41
1157,10,79,7,16878,1,139.50,139.50,5.58
1158,6,105,9,16879,1,92.00,92.00,2.76
1159,6,105,10,16879,1,121.50,121.50,2.43
1160,8,31,3,16879,1,4255.00,4255.00,85.10
1161,8,31,6,16879,1,2511.75,2511.75,100.47
1162,10,27,2,16880,1,7820.85,7820.85,391.04
1163,10,27,3,16880,1,3616.75,3616.75,36.17
1164,10,27,5,16880,1,2268.99,2268.99,45.38
1165,10,27,6,16880,1,2955.00,2955.00,59.10
1166,10,27,8,16880,1,169.20,169.20,6.77
1167,10,27,9,16880,1,92.00,92.00,5.52
1168,10,27,10,16880,2,121.50,243.00,14.58
1169,2,249,6,16884,1,2364.00,2364.00,23.64
1170,2,249,8,16884,1,143.82,143.82,4.31
1171,2,249,10,16884,1,135.00,135.00,2.70
1172,7,249,4,16884,1,4686.70,4686.70,93.73
1173,7,249,7,16884,1,118.58,118.58,1.19
1174,1,27,1,16884,2,8852.00,17704.00,1062.24
1175,1,27,10,16884,1,114.75,114.75,3.44
1176,6,54,8,16884,1,143.82,143.82,2.88
1177,1,120,7,16889,1,118.58,118.58,2.37
1178,1,120,9,16889,1,115.00,115.00,1.15
1179,10,47,7,16890,1,155.00,155.00,4.65
1180,5,233,1,16891,2,6771.78,13543.56,406.31
1181,5,233,2,16891,2,6624.72,13249.44,132.49
1182,5,233,6,16891,1,2260.58,2260.58,135.63
1183,5,233,8,16891,1,150.40,150.40,9.02
1184,5,233,9,16891,1,103.50,103.50,2.07
1185,2,89,5,16891,1,2268.99,2268.99,45.38
1186,2,89,8,16891,1,159.80,159.80,1.60
1187,4,16,1,16893,1,6771.78,6771.78,270.87
1188,4,249,1,16893,2,7524.20,15048.40,451.45
1189,4,249,5,16893,1,2521.10,2521.10,50.42
1190,4,249,6,16893,1,2511.75,2511.75,50.24
1191,4,249,8,16893,1,169.20,169.20,8.46
1192,4,249,9,16893,1,87.98,87.98,3.52
1193,7,115,2,16894,1,5631.01,5631.01,56.31
1194,9,27,9,16896,2,103.50,207.00,10.35
1195,10,89,2,16897,2,8280.90,16561.80,331.24
1196,4,31,2,16902,2,9201.00,18402.00,920.10
1197,4,31,6,16902,1,2955.00,2955.00,118.20
1198,9,191,5,16903,1,2966.00,2966.00,177.96
1199,9,191,9,16903,1,82.80,82.80,0.83
1200,2,218,1,16904,1,6771.78,6771.78,270.87
1201,2,218,5,16904,2,2521.10,5042.20,302.53
1202,2,218,8,16904,1,188.00,188.00,7.52
1203,2,218,10,16904,1,121.50,121.50,4.86
1204,10,202,7,16905,1,118.58,118.58,5.93
1205,10,202,8,16905,1,150.40,150.40,6.02
1206,10,202,9,16905,1,115.00,115.00,6.90
1207,10,202,10,16905,1,114.75,114.75,1.15
1208,5,191,1,16905,1,7966.80,7966.80,239.00
1209,5,191,3,16905,1,3829.50,3829.50,191.48
1210,5,191,4,16905,1,6509.30,6509.30,390.56
1211,5,191,10,16905,1,108.00,108.00,2.16
1212,3,218,2,16905,1,6256.68,6256.68,375.40
1213,3,218,5,16905,1,2966.00,2966.00,88.98
1214,3,218,9,16905,1,87.98,87.98,3.52
1215,5,58,7,16906,1,155.00,155.00,1.55
1216,9,100,5,16906,1,2669.40,2669.40,26.69
1217,9,100,9,16906,1,70.38,70.38,2.11
1218,9,100,10,16906,1,108.00,108.00,4.32
1219,8,15,8,16908,1,159.80,159.80,7.99
1220,6,47,1,16909,1,8852.00,8852.00,177.04
1221,6,47,2,16909,1,8280.90,8280.90,414.05
1222,6,47,8,16909,1,188.00,188.00,7.52
1223,6,47,9,16909,1,92.00,92.00,0.92
1224,6,47,10,16909,1,114.75,114.75,2.30
1225,7,47,3,16909,1,4255.00,4255.00,255.30
1226,7,47,9,16909,1,115.00,115.00,5.75
1227,7,47,10,16909,2,135.00,270.00,16.20
1228,3,105,8,16909,1,159.80,159.80,9.59
1229,9,58,1,16910,2,7966.80,15933.60,956.02
1230,9,58,3,16910,1,3829.50,3829.50,191.48
1231,9,58,7,16910,1,131.75,131.75,6.59
1232,9,58,8,16910,1,188.00,188.00,7.52
1233,3,47,5,16910,1,2966.00,2966.00,118.64
1234,3,47,8,16910,1,188.00,188.00,3.76
1235,3,47,10,16910,1,135.00,135.00,2.70
1236,5,74,2,16911,2,7820.85,15641.70,625.67
1237,5,74,7,16911,1,155.00,155.00,6.20
1238,5,74,10,16911,1,114.75,114.75,6.89
1239,4,74,4,16912,1,6509.30,6509.30,390.56
1240,4,186,1,16913,1,5417.42,5417.42,54.17
1241,4,186,9,16913,1,115.00,115.00,1.15
1242,6,105,7,16913,1,131.75,131.75,3.95
1243,6,105,8,16913,1,169.20,169.20,1.69
1244,6,105,9,16913,1,97.75,97.75,1.96
1245,6,105,10,16913,1,108.00,108.00,3.24
1246,8,89,5,16914,1,2521.10,2521.10,100.84
1247,8,89,6,16914,1,2659.50,2659.50,106.38
1248,7,218,3,16915,2,2893.40,5786.80,231.47
1249,1,173,6,16915,1,2127.60,2127.60,85.10
1250,1,173,10,16915,1,114.75,114.75,6.89
1251,8,218,2,16917,1,6256.68,6256.68,250.27
1252,8,218,3,16917,2,3829.50,7659.00,306.36
1253,8,218,5,16917,1,2268.99,2268.99,68.07
1254,3,218,9,16918,1,97.75,97.75,1.96
1255,3,218,10,16918,1,121.50,121.50,2.43
1256,10,218,6,16918,1,2955.00,2955.00,29.55
1257,10,218,7,16918,1,131.75,131.75,2.63
1258,2,15,4,16921,1,7658.00,7658.00,153.16
1259,2,15,5,16921,1,2521.10,2521.10,75.63
1260,2,15,9,16921,1,97.75,97.75,0.98
1261,2,15,10,16921,1,108.00,108.00,6.48
1262,10,100,6,16921,1,2659.50,2659.50,53.19
1263,10,100,7,16921,1,94.86,94.86,3.79
1264,10,100,8,16921,1,159.80,159.80,4.79
1265,5,218,3,16921,1,3829.50,3829.50,76.59
1266,5,218,4,16921,1,6509.30,6509.30,130.19
1267,5,218,8,16921,1,188.00,188.00,3.76
1268,5,218,9,16921,1,97.75,97.75,3.91
1269,5,218,10,16921,2,103.28,206.56,2.07
1270,6,74,5,16923,1,2521.10,2521.10,151.27
1271,8,249,7,16923,1,139.50,139.50,4.19
1272,3,185,2,16925,1,8280.90,8280.90,248.43
1273,3,185,8,16925,1,135.36,135.36,4.06
1274,3,185,9,16925,1,97.75,97.75,5.86
1275,2,105,4,16926,1,6509.30,6509.30,455.65
1276,8,105,5,16927,2,2669.40,5338.80,160.16
1277,8,105,8,16927,1,188.00,188.00,9.40
1278,8,105,9,16927,1,82.80,82.80,4.97
1279,5,191,5,16927,2,2669.40,5338.80,320.33
1280,5,191,10,16927,1,114.75,114.75,8.03
1281,10,191,2,16927,1,9201.00,9201.00,552.06
1282,10,191,3,16927,1,3616.75,3616.75,180.84
1283,10,31,5,16928,1,2372.80,2372.80,118.64
1284,10,31,10,16928,1,91.80,91.80,3.67
1285,2,192,3,16928,2,3616.75,7233.50,361.68
1286,2,192,5,16928,1,2966.00,2966.00,207.62
1287,2,192,8,16928,1,115.06,115.06,4.60
1288,4,15,3,16930,1,78.20,78.20,4.69
1289,4,15,4,16930,1,6509.30,6509.30,455.65
1290,4,15,5,16930,1,2521.10,2521.10,126.06
1291,4,15,9,16930,1,78.20,78.20,5.47
1292,4,15,10,16930,1,135.00,135.00,4.05
1293,5,16,7,16931,1,131.75,131.75,5.27
1294,5,16,8,16931,1,159.80,159.80,4.79
1295,6,115,2,16931,1,7360.80,7360.80,441.65
1296,9,191,4,16932,1,6509.30,6509.30,195.28
1297,9,191,8,16932,1,188.00,188.00,13.16
1298,5,105,3,16935,1,4255.00,4255.00,127.65
1299,5,105,7,16935,1,131.75,131.75,7.91
1300,3,15,2,16936,1,7820.85,7820.85,312.83
1301,3,15,8,16936,1,169.20,169.20,6.77
1302,1,100,4,16936,1,5207.44,5207.44,156.22
1303,1,100,10,16936,1,108.00,108.00,4.32
1304,1,47,5,16936,1,2135.52,2135.52,64.07
1305,10,120,8,16937,1,159.80,159.80,7.99
1306,10,89,2,16939,1,9201.00,9201.00,644.07
1307,10,89,5,16939,1,2016.88,2016.88,121.01
1308,10,89,7,16939,1,131.75,131.75,6.59
1309,7,91,2,16939,2,9201.00,18402.00,1104.12
1310,7,91,8,16939,2,143.82,287.64,20.13
1311,7,91,10,16939,1,97.20,97.20,6.80
1312,6,115,6,16940,2,2659.50,5319.00,159.57
1313,6,115,7,16940,1,124.00,124.00,4.96
1314,6,115,8,16940,1,150.40,150.40,6.02
1315,3,249,2,16941,2,7820.85,15641.70,469.25
1316,3,249,3,16941,1,3616.75,3616.75,253.17
1317,3,249,10,16941,2,135.00,270.00,8.10
1318,1,58,5,16941,1,2268.99,2268.99,90.76
1319,2,186,1,16944,1,7524.20,7524.20,376.21
1320,2,186,5,16944,1,2268.99,2268.99,113.45
1321,2,186,8,16944,1,188.00,188.00,7.52
1322,2,186,9,16944,1,82.80,82.80,2.48
1323,2,186,10,16944,1,114.75,114.75,6.89
1324,9,89,1,16945,1,7524.20,7524.20,225.73
1325,9,89,4,16945,1,5858.37,5858.37,234.33
1326,9,89,8,16945,1,188.00,188.00,9.40
1327,2,173,5,16946,1,2966.00,2966.00,207.62
1328,2,173,8,16946,1,143.82,143.82,7.19
1329,2,173,9,16946,1,97.75,97.75,3.91
1330,4,249,5,16948,2,2966.00,5932.00,355.92
1331,4,249,6,16948,1,2955.00,2955.00,206.85
1332,4,249,8,16948,1,143.82,143.82,10.07
1333,4,249,9,16948,1,92.00,92.00,6.44
1334,5,58,1,16949,1,8852.00,8852.00,265.56
1335,5,58,10,16949,1,114.75,114.75,6.89
1336,9,120,5,16950,1,2521.10,2521.10,75.63
1337,1,54,2,16950,1,9201.00,9201.00,552.06
1338,10,115,3,16952,1,3616.75,3616.75,108.50
1339,10,115,7,16952,1,124.00,124.00,8.68
1340,10,115,10,16952,1,97.20,97.20,3.89
1341,2,120,7,16952,2,155.00,310.00,9.30
1342,4,249,7,16952,1,131.75,131.75,6.59
1343,3,100,7,16952,1,111.60,111.60,5.58
1344,3,100,8,16952,1,159.80,159.80,7.99
1345,3,100,9,16952,1,103.50,103.50,4.14
1346,3,100,10,16952,1,121.50,121.50,3.65
1347,5,115,2,16955,2,7820.85,15641.70,1094.92
1348,5,115,4,16955,2,6509.30,13018.60,1301.86
1349,6,58,2,16957,2,9201.00,18402.00,1840.20
1350,6,58,6,16957,1,2955.00,2955.00,265.95
1351,6,58,10,16957,1,114.75,114.75,10.33
1352,8,47,4,16959,1,6509.30,6509.30,650.93
1353,6,185,8,16961,1,159.80,159.80,14.38
1354,9,91,5,16962,1,2521.10,2521.10,176.48
1355,9,91,6,16962,1,2127.60,2127.60,148.93
1356,9,91,7,16962,1,131.75,131.75,10.54
1357,10,233,3,16965,1,3255.08,3255.08,292.96
1358,10,233,8,16965,1,143.82,143.82,12.94
1359,9,115,4,16968,2,6509.30,13018.60,1301.86
1360,9,115,7,16968,1,139.50,139.50,12.56
1361,8,192,5,16968,1,2521.10,2521.10,226.90
1362,8,192,6,16968,1,2659.50,2659.50,265.95
1363,10,89,1,16968,1,7966.80,7966.80,717.01
1364,10,89,5,16968,2,2966.00,5932.00,415.24
1365,10,89,6,16968,1,2955.00,2955.00,206.85
1366,10,89,7,16968,1,105.40,105.40,7.38
1367,10,191,10,16968,1,121.50,121.50,12.15
1368,6,31,3,16969,1,3255.08,3255.08,227.86
1369,6,31,9,16969,1,78.20,78.20,6.26
1370,6,31,10,16969,1,114.75,114.75,9.18
1371,2,192,5,16969,1,2966.00,2966.00,207.62
1372,2,192,8,16969,1,188.00,188.00,15.04
1373,2,192,10,16969,1,135.00,135.00,12.15
1374,6,185,2,16970,1,9201.00,9201.00,736.08
1375,6,185,9,16970,1,97.75,97.75,8.80
1376,6,185,10,16970,1,114.75,114.75,8.03
1377,2,191,8,16970,1,169.20,169.20,13.54
1378,9,115,2,16970,2,7038.77,14077.54,1407.75
1379,9,115,3,16970,1,3829.50,3829.50,306.36
1380,9,115,5,16970,1,2268.99,2268.99,226.90
1381,9,115,8,16970,1,169.20,169.20,15.23
1382,3,91,5,16970,1,2016.88,2016.88,161.35
1383,7,115,1,16972,1,8852.00,8852.00,619.64
1384,4,218,1,16973,1,7524.20,7524.20,677.18
1385,4,218,8,16973,1,150.40,150.40,15.04
1386,5,120,1,16974,1,7966.80,7966.80,637.34
1387,5,120,2,16974,1,7360.80,7360.80,736.08
1388,5,120,9,16974,1,82.80,82.80,6.62
1389,5,120,10,16974,1,121.50,121.50,8.51
1390,6,47,8,16977,1,188.00,188.00,16.92
1391,5,192,8,16978,1,188.00,188.00,15.04
1392,5,192,9,16978,1,78.20,78.20,7.04
1393,5,192,10,16978,1,121.50,121.50,8.51
1394,5,173,2,16979,2,7360.80,14721.60,1472.16
1395,5,173,6,16979,1,2511.75,2511.75,226.06
1396,5,173,7,16979,1,118.58,118.58,9.49
1397,5,173,9,16979,1,115.00,115.00,11.50
1398,10,202,2,16980,2,8280.90,16561.80,1159.33
1399,7,79,3,16981,2,3616.75,7233.50,651.02
1400,7,79,10,16981,1,114.75,114.75,8.03
1401,1,54,7,16982,1,139.50,139.50,9.76
1402,2,136,1,16983,1,8852.00,8852.00,796.68
1403,2,136,4,16983,2,6892.20,13784.40,964.91
1404,2,136,9,16983,1,115.00,115.00,8.05
1405,2,233,3,16986,1,3829.50,3829.50,268.07
1406,2,233,4,16986,1,5207.44,5207.44,416.60
1407,2,233,7,16986,1,139.50,139.50,12.56
1408,2,233,10,16986,2,135.00,270.00,18.90
1409,5,32,4,16987,1,7658.00,7658.00,765.80
1410,5,32,5,16987,1,2669.40,2669.40,266.94
1411,5,32,7,16987,1,131.75,131.75,10.54
1412,5,32,8,16987,1,159.80,159.80,14.38
1413,8,115,6,16988,1,2955.00,2955.00,295.50
1414,8,115,7,16988,1,155.00,155.00,17.05
1415,2,120,3,16988,2,4255.00,8510.00,765.90
1416,3,47,4,16988,1,7658.00,7658.00,765.80
1417,3,47,10,16988,1,135.00,135.00,9.45
1418,8,185,1,16989,1,6771.78,6771.78,744.90
1419,8,185,8,16989,1,188.00,188.00,18.80
1420,8,185,10,16989,1,135.00,135.00,14.85
1421,9,136,2,16989,1,7360.80,7360.80,736.08
1422,9,136,6,16989,1,2260.58,2260.58,271.27
1423,9,136,8,16989,1,188.00,188.00,22.56
1424,9,136,9,16989,1,97.75,97.75,11.73
1425,9,136,10,16989,1,114.75,114.75,11.48
1426,9,27,6,16989,2,2659.50,5319.00,585.09
1427,9,27,7,16989,1,118.58,118.58,13.04
1428,9,27,9,16989,1,115.00,115.00,13.80
1429,6,89,9,16989,1,92.00,92.00,9.20
1430,6,115,7,16992,1,118.58,118.58,14.23
1431,6,115,8,16992,1,159.80,159.80,17.58
1432,6,115,9,16992,1,78.20,78.20,9.38
1433,6,115,10,16992,1,135.00,135.00,16.20
1434,4,218,3,16993,2,3616.75,7233.50,723.35
1435,4,218,7,16993,1,155.00,155.00,15.50
1436,4,218,9,16993,1,103.50,103.50,10.35
1437,2,100,9,16994,1,103.50,103.50,12.42
1438,9,31,5,16994,1,2521.10,2521.10,302.53
1439,9,31,7,16994,1,131.75,131.75,15.81
1440,10,32,2,16995,1,9201.00,9201.00,920.10
1441,10,32,10,16995,1,121.50,121.50,13.37
1442,10,202,6,16996,2,2260.58,4521.16,497.33
1443,10,202,8,16996,1,169.20,169.20,20.30
1444,10,202,9,16996,1,92.00,92.00,11.04
1445,10,202,10,16996,1,135.00,135.00,13.50
1446,10,100,4,16998,1,5858.37,5858.37,703.00
1447,2,218,6,16999,2,2260.58,4521.16,497.33
1448,8,218,10,16999,2,103.28,206.56,22.72
1449,4,100,3,17000,1,3616.75,3616.75,361.68
1450,4,100,7,17000,1,155.00,155.00,17.05
1451,4,100,10,17000,1,121.50,121.50,13.37
1452,4,31,4,17001,1,6892.20,6892.20,689.22
1453,4,31,8,17001,1,115.06,115.06,11.51
1454,1,74,6,17001,1,2955.00,2955.00,354.60
1455,10,54,1,17002,1,7524.20,7524.20,752.42
1456,10,54,4,17002,1,6892.20,6892.20,689.22
1457,1,31,1,17003,1,7524.20,7524.20,827.66
1458,4,32,4,17004,1,6126.40,6126.40,735.17
1459,4,32,5,17004,2,2521.10,5042.20,605.06
1460,3,218,9,17006,2,115.00,230.00,23.00
1461,10,185,2,17008,1,7820.85,7820.85,782.09
1462,9,79,4,17008,2,6509.30,13018.60,1562.23
1463,9,79,5,17008,1,2966.00,2966.00,296.60
1464,9,79,6,17008,1,2955.00,2955.00,325.05
1465,9,79,7,17008,1,155.00,155.00,15.50
1466,9,79,9,17008,1,115.00,115.00,11.50
1467,9,79,10,17008,2,103.28,206.56,22.72
1468,3,79,3,17010,1,4255.00,4255.00,425.50
1469,3,79,5,17010,1,2966.00,2966.00,326.26
1470,3,79,10,17010,1,91.80,91.80,11.02
1471,9,233,1,17011,1,8852.00,8852.00,1062.24
1472,9,233,3,17011,1,4255.00,4255.00,425.50
1473,9,233,6,17011,1,2955.00,2955.00,295.50
1474,7,173,6,17011,1,2955.00,2955.00,295.50
1475,6,89,1,17013,2,7524.20,15048.40,1805.81
1476,10,100,1,17016,1,8852.00,8852.00,1239.28
1477,10,100,4,17016,1,6509.30,6509.30,911.30
1478,10,100,6,17016,1,2127.60,2127.60,255.31
1479,10,100,9,17016,1,78.20,78.20,10.95
1480,8,185,1,17019,1,8852.00,8852.00,1150.76
1481,8,185,4,17019,2,6509.30,13018.60,1301.86
1482,8,185,5,17019,1,2966.00,2966.00,296.60
1483,8,185,9,17019,2,97.75,195.50,23.46
1484,8,185,10,17019,1,114.75,114.75,16.07
1485,7,91,6,17020,2,2955.00,5910.00,650.10
1486,8,185,9,17020,1,97.75,97.75,14.66
1487,7,233,9,17023,2,87.98,175.96,24.63
1488,2,173,9,17023,1,82.80,82.80,9.94
1489,2,173,10,17023,1,135.00,135.00,16.20
1490,2,32,2,17023,1,8280.90,8280.90,1159.33
1491,2,32,3,17023,1,4255.00,4255.00,595.70
1492,2,185,6,17024,1,2260.58,2260.58,226.06
1493,2,185,7,17024,1,139.50,139.50,13.95
1494,2,185,8,17024,1,188.00,188.00,22.56
1495,3,31,3,17024,1,2893.40,2893.40,289.34
1496,3,31,4,17024,2,7658.00,15316.00,1837.92
1497,3,31,10,17024,1,103.28,103.28,15.49
1498,5,16,1,17025,1,8852.00,8852.00,1150.76
1499,5,16,4,17025,1,6126.40,6126.40,918.96
1500,5,16,7,17025,1,131.75,131.75,14.49
1501,5,16,8,17025,1,159.80,159.80,22.37
1502,5,16,9,17025,1,97.75,97.75,10.75
1503,5,16,10,17025,1,114.75,114.75,12.62
1504,3,185,3,17025,1,3616.75,3616.75,470.18
1505,3,185,4,17025,1,6126.40,6126.40,735.17
1506,3,185,5,17025,1,2966.00,2966.00,355.92
1507,3,185,6,17025,1,2955.00,2955.00,413.70
1508,3,185,7,17025,1,118.58,118.58,15.42
1509,3,185,8,17025,1,143.82,143.82,20.13
1510,3,185,9,17025,1,78.20,78.20,10.95
1511,3,185,10,17025,1,103.28,103.28,10.33
1512,2,79,5,17026,1,2268.99,2268.99,294.97
1513,3,115,1,17026,1,6771.78,6771.78,744.90
1514,3,115,3,17026,1,3829.50,3829.50,536.13
1515,3,115,7,17026,1,139.50,139.50,13.95
1516,3,115,9,17026,1,97.75,97.75,13.69
1517,3,115,10,17026,1,135.00,135.00,18.90
1518,6,233,3,17026,1,3616.75,3616.75,542.51
1519,6,233,7,17026,1,131.75,131.75,14.49
1520,6,233,9,17026,1,92.00,92.00,13.80
1521,6,233,10,17026,1,114.75,114.75,11.48
1522,1,192,1,17029,1,6771.78,6771.78,744.90
1523,1,192,2,17029,1,8280.90,8280.90,1076.52
1524,1,192,3,17029,2,3829.50,7659.00,765.90
1525,5,233,8,17029,1,169.20,169.20,18.61
1526,5,185,10,17030,1,97.20,97.20,10.69
1527,7,185,7,17030,1,131.75,131.75,18.45
1528,7,185,9,17030,1,97.75,97.75,14.66
1529,1,100,3,17030,1,4255.00,4255.00,553.15
1530,1,100,9,17030,1,97.75,97.75,9.78
1531,1,100,10,17030,1,97.20,97.20,13.61
1532,6,115,5,17032,2,2966.00,5932.00,771.16
1533,6,115,8,17032,1,143.82,143.82,21.57
1534,6,32,2,17032,1,7038.77,7038.77,844.65
1535,6,32,3,17032,1,3829.50,3829.50,459.54
1536,6,32,4,17032,2,6509.30,13018.60,1301.86
1537,6,32,5,17032,1,2966.00,2966.00,385.58
1538,6,162,2,17034,1,7820.85,7820.85,1094.92
1539,6,162,4,17034,1,5858.37,5858.37,820.17
1540,6,162,10,17034,1,135.00,135.00,13.50
1541,1,79,1,17034,1,6019.36,6019.36,842.71
1542,1,79,3,17034,1,4255.00,4255.00,595.70
1543,1,79,10,17034,1,135.00,135.00,17.55
1544,3,84,1,17035,1,8852.00,8852.00,1150.76
1545,3,84,3,17035,1,4255.00,4255.00,595.70
1546,3,84,8,17035,1,188.00,188.00,22.56
1547,1,81,5,17036,2,2521.10,5042.20,504.22
1548,1,81,6,17036,1,2955.00,2955.00,443.25
1549,3,252,5,17036,1,2521.10,2521.10,302.53
1550,3,252,6,17036,1,2955.00,2955.00,413.70
1551,3,252,7,17036,1,118.58,118.58,11.86
1552,3,252,8,17036,1,188.00,188.00,18.80
1553,10,107,4,17036,1,6509.30,6509.30,911.30
1554,10,107,6,17036,1,2364.00,2364.00,307.32
1555,10,107,9,17036,1,103.50,103.50,12.42
1556,3,63,1,17037,1,6019.36,6019.36,662.13
1557,3,63,3,17037,1,3616.75,3616.75,470.18
1558,3,63,4,17037,1,7658.00,7658.00,842.38
1559,3,63,6,17037,1,2009.40,2009.40,301.41
1560,3,63,10,17037,1,135.00,135.00,13.50
1561,10,188,3,17039,1,3829.50,3829.50,421.25
1562,10,188,7,17039,1,155.00,155.00,15.50
1563,1,162,5,17040,2,2966.00,5932.00,889.80
1564,1,162,7,17040,1,131.75,131.75,18.45
1565,8,14,2,17040,1,7360.80,7360.80,809.69
1566,5,77,4,17041,2,7658.00,15316.00,1837.92
1567,5,77,10,17041,1,135.00,135.00,13.50
1568,9,25,1,17045,1,7966.80,7966.80,1035.68
1569,9,25,2,17045,1,7038.77,7038.77,985.43
1570,9,25,7,17045,1,111.60,111.60,13.39
1571,9,25,9,17045,1,115.00,115.00,11.50
1572,9,25,10,17045,1,114.75,114.75,11.48
1573,3,181,9,17047,1,97.75,97.75,19.55
1574,2,180,3,17049,1,4255.00,4255.00,680.80
1575,2,180,4,17049,2,5858.37,11716.74,2109.01
1576,2,180,7,17049,1,155.00,155.00,27.90
1577,2,180,10,17049,1,103.28,103.28,20.66
1578,8,53,10,17050,2,82.62,165.24,24.79
1579,1,187,2,17050,2,8280.90,16561.80,3146.74
1580,1,187,3,17050,1,4255.00,4255.00,510.60
1581,1,187,7,17050,1,118.58,118.58,15.42
1582,9,239,5,17051,2,2966.00,5932.00,1186.40
1583,9,239,8,17051,1,159.80,159.80,28.76
1584,9,239,9,17051,1,115.00,115.00,18.40
1585,3,107,2,17052,1,9201.00,9201.00,1472.16
1586,1,56,7,17053,1,124.00,124.00,16.12
1587,1,56,10,17053,1,91.80,91.80,13.77
1588,8,133,4,17054,1,6509.30,6509.30,1301.86
1589,8,133,6,17054,1,2127.60,2127.60,404.24
1590,8,153,6,17055,1,2260.58,2260.58,361.69
1591,8,153,7,17055,1,131.75,131.75,22.40
1592,8,153,8,17055,1,188.00,188.00,35.72
1593,8,153,10,17055,1,121.50,121.50,20.66
1594,8,131,5,17056,1,2966.00,2966.00,385.58
1595,8,131,9,17056,2,115.00,230.00,32.20
1596,8,131,10,17056,1,121.50,121.50,15.80
1597,2,217,8,17057,1,159.80,159.80,20.77
1598,2,217,10,17057,1,103.28,103.28,13.43
1599,10,65,6,17058,1,2511.75,2511.75,427.00
1600,10,147,5,17060,2,2966.00,5932.00,830.48
1601,5,46,9,17061,1,115.00,115.00,17.25
1602,6,36,1,17062,1,8852.00,8852.00,1593.36
1603,10,126,7,17063,1,155.00,155.00,20.15
1604,10,126,8,17063,1,169.20,169.20,25.38
1605,7,46,9,17063,2,87.98,175.96,22.87
1606,9,238,1,17064,1,8852.00,8852.00,1327.80
1607,9,238,9,17064,1,103.50,103.50,19.67
1608,9,232,3,17067,1,3255.08,3255.08,488.26
1609,5,238,1,17069,1,6373.44,6373.44,892.28
1610,5,238,5,17069,1,2669.40,2669.40,427.10
1611,5,238,6,17069,1,2511.75,2511.75,401.88
1612,5,238,10,17069,1,121.50,121.50,17.01
1613,5,140,4,17070,1,6892.20,6892.20,1378.44
1614,5,140,7,17070,1,118.58,118.58,17.79
1615,3,242,5,17070,1,2521.10,2521.10,327.74
1616,3,242,8,17070,1,159.80,159.80,25.57
1617,3,242,9,17070,1,103.50,103.50,19.67
1618,3,242,10,17070,1,121.50,121.50,19.44
1619,1,39,1,17070,1,7524.20,7524.20,1279.11
1620,1,39,7,17070,1,139.50,139.50,18.14
1621,1,39,9,17070,1,115.00,115.00,17.25
1622,10,42,3,17071,1,4255.00,4255.00,510.60
1623,10,145,1,17071,2,7524.20,15048.40,2257.26
1624,10,145,7,17071,1,118.58,118.58,23.72
1625,10,145,9,17071,1,115.00,115.00,20.70
1626,10,145,10,17071,1,135.00,135.00,25.65
1627,7,51,5,17071,1,2268.99,2268.99,408.42
1628,7,75,4,17072,1,7658.00,7658.00,1072.12
1629,1,154,1,17073,1,8852.00,8852.00,1593.36
1630,1,154,5,17073,1,2521.10,2521.10,378.17
1631,1,154,9,17073,1,115.00,115.00,23.00
1632,10,30,7,17073,1,155.00,155.00,20.15
1633,10,30,8,17073,1,169.20,169.20,23.69
1634,10,30,9,17073,1,115.00,115.00,20.70
1635,7,255,1,17074,2,6771.78,13543.56,2437.84
1636,3,106,3,17074,1,4255.00,4255.00,553.15
1637,3,106,10,17074,1,103.28,103.28,19.62
1638,9,195,2,17076,1,7820.85,7820.85,1251.34
1639,9,195,7,17076,1,111.60,111.60,13.39
1640,3,83,3,17077,1,4255.00,4255.00,723.35
1641,3,83,5,17077,1,2268.99,2268.99,317.66
1642,3,83,8,17077,1,159.80,159.80,27.17
1643,2,112,3,17077,2,3829.50,7659.00,1761.57
1644,2,112,6,17077,2,2511.75,5023.50,653.06
1645,5,237,2,17081,1,9201.00,9201.00,1932.21
1646,5,237,5,17081,1,2966.00,2966.00,593.20
1647,6,52,5,17082,1,2669.40,2669.40,533.88
1648,6,52,7,17082,1,139.50,139.50,27.90
1649,6,52,8,17082,1,188.00,188.00,22.56
1650,6,52,10,17082,1,135.00,135.00,20.25
1651,5,141,1,17084,1,6771.78,6771.78,1083.48
1652,9,152,5,17085,1,2521.10,2521.10,352.95
1653,9,152,6,17085,1,2127.60,2127.60,297.86
1654,9,152,8,17085,1,188.00,188.00,41.36
1655,5,142,10,17087,1,121.50,121.50,15.80
1656,3,203,1,17088,1,8852.00,8852.00,1947.44
1657,1,83,6,17088,1,2511.75,2511.75,552.59
1658,4,96,3,17090,1,3616.75,3616.75,831.85
1659,1,236,2,17090,2,8280.90,16561.80,2815.51
1660,10,75,10,17091,1,135.00,135.00,21.60
1661,5,36,2,17091,1,7820.85,7820.85,1720.59
1662,5,36,10,17091,1,114.75,114.75,20.66
1663,3,33,7,17091,2,105.40,210.80,35.84
1664,1,227,1,17092,1,7524.20,7524.20,1655.32
1665,1,227,8,17092,1,150.40,150.40,19.55
1666,2,84,2,17093,1,7820.85,7820.85,1407.75
1667,2,84,4,17093,1,5513.76,5513.76,992.48
1668,2,84,8,17093,1,188.00,188.00,30.08
1669,9,35,5,17093,1,2521.10,2521.10,630.28
1670,9,35,10,17093,1,135.00,135.00,33.75
1671,7,114,3,17095,1,3616.75,3616.75,868.02
1672,7,114,4,17095,1,6509.30,6509.30,781.12
1673,10,24,5,17097,1,2521.10,2521.10,579.85
1674,10,24,9,17097,1,97.75,97.75,21.51
1675,2,19,5,17097,1,2521.10,2521.10,504.22
1676,2,19,10,17097,1,135.00,135.00,16.20
1677,1,210,3,17098,1,3255.08,3255.08,651.02
1678,4,14,7,17100,1,118.58,118.58,20.16
1679,4,14,10,17100,1,135.00,135.00,28.35
1680,4,215,9,17100,1,115.00,115.00,21.85
1681,9,176,2,17101,1,5631.01,5631.01,957.27
1682,9,176,8,17101,1,159.80,159.80,30.36
1683,9,40,6,17101,1,2260.58,2260.58,316.48
1684,9,40,7,17101,1,155.00,155.00,34.10
1685,9,40,9,17101,1,87.98,87.98,12.32
1686,3,134,6,17101,2,2511.75,5023.50,1255.88
1687,6,104,6,17102,1,2511.75,2511.75,602.82
1688,6,104,7,17102,1,155.00,155.00,23.25
1689,6,104,10,17102,1,103.28,103.28,15.49
1690,2,203,1,17102,1,8852.00,8852.00,1858.92
1691,2,203,2,17102,2,7820.85,15641.70,2346.26
1692,2,203,4,17102,1,4686.70,4686.70,937.34
1693,9,63,4,17103,1,6126.40,6126.40,918.96
1694,9,63,7,17103,1,155.00,155.00,31.00
1695,9,63,9,17103,1,87.98,87.98,11.44
1696,9,190,2,17103,1,7820.85,7820.85,1720.59
1697,9,190,8,17103,1,169.20,169.20,20.30
1698,9,190,9,17103,1,70.38,70.38,14.78
1699,10,20,6,17106,1,2260.58,2260.58,565.15
1700,10,20,9,17106,1,115.00,115.00,19.55
1701,8,246,5,17106,1,2966.00,2966.00,711.84
1702,8,246,10,17106,1,114.75,114.75,28.69
1703,3,68,2,17107,1,7820.85,7820.85,1720.59
1704,3,68,3,17107,1,4255.00,4255.00,1233.95
1705,3,68,4,17107,1,7658.00,7658.00,1991.08
1706,3,68,9,17107,1,97.75,97.75,24.44
1707,3,68,10,17107,1,135.00,135.00,36.45
1708,9,180,5,17107,1,2669.40,2669.40,640.66
1709,9,180,9,17107,1,87.98,87.98,17.60
1710,4,196,3,17107,2,3829.50,7659.00,1991.34
1711,1,21,2,17108,1,7820.85,7820.85,1955.21
1712,1,21,3,17108,1,4255.00,4255.00,1063.75
1713,1,156,4,17108,1,7658.00,7658.00,1455.02
1714,1,156,8,17108,1,150.40,150.40,30.08
1715,1,156,9,17108,1,87.98,87.98,21.12
1716,1,156,10,17108,1,121.50,121.50,30.38
1717,2,149,2,17108,1,8280.90,8280.90,2318.65
1718,2,149,7,17108,1,155.00,155.00,27.90
1719,7,126,3,17109,2,3616.75,7233.50,1663.71
1720,7,126,5,17109,2,2268.99,4537.98,862.22
1721,7,126,7,17109,1,131.75,131.75,39.53
1722,7,126,8,17109,1,188.00,188.00,56.40
1723,7,126,9,17109,1,87.98,87.98,24.63
1724,7,126,10,17109,1,114.75,114.75,20.66
1725,3,97,8,17110,1,159.80,159.80,44.74
1726,3,97,9,17110,1,92.00,92.00,25.76
1727,5,141,1,17111,1,8852.00,8852.00,2035.96
1728,5,258,3,17113,2,4255.00,8510.00,2467.90
1729,5,258,6,17113,1,2009.40,2009.40,401.88
1730,5,258,7,17113,1,139.50,139.50,36.27
1731,5,116,5,17113,1,2521.10,2521.10,529.43
1732,5,116,9,17113,1,115.00,115.00,23.00
1733,5,116,10,17113,1,135.00,135.00,39.15
1734,6,30,1,17115,1,7524.20,7524.20,1730.57
1735,6,30,9,17115,1,103.50,103.50,31.05
1736,1,232,8,17115,1,143.82,143.82,31.64
1737,3,101,2,17116,2,8280.90,16561.80,3312.36
1738,3,101,5,17116,1,2966.00,2966.00,563.54
1739,5,144,8,17117,1,159.80,159.80,47.94
1740,6,241,4,17118,1,6892.20,6892.20,1585.21
1741,6,241,7,17118,1,131.75,131.75,35.57
1742,6,241,8,17118,1,159.80,159.80,33.56
1743,2,78,2,17118,1,8280.90,8280.90,1821.80
1744,2,78,3,17118,1,4255.00,4255.00,936.10
1745,2,78,8,17118,1,169.20,169.20,40.61
1746,2,78,9,17118,1,103.50,103.50,21.74
1747,2,78,10,17118,2,114.75,229.50,64.26
1748,9,231,8,17119,1,143.82,143.82,40.27
1749,9,231,9,17119,1,103.50,103.50,23.81
1750,9,96,3,17121,1,3255.08,3255.08,813.77
1751,9,96,4,17121,1,6509.30,6509.30,1301.86
1752,9,96,10,17121,1,108.00,108.00,20.52
1753,6,219,1,17122,2,7966.80,15933.60,3186.72
1754,6,219,2,17122,2,8280.90,16561.80,4140.45
1755,10,52,7,17122,1,105.40,105.40,20.03
1756,10,127,3,17123,1,3829.50,3829.50,957.38
1757,5,203,3,17123,2,4255.00,8510.00,2297.70
1758,5,72,6,17125,1,2511.75,2511.75,502.35
1759,10,162,8,17125,2,159.80,319.60,60.72
1760,2,17,9,17127,1,103.50,103.50,23.81
1761,4,198,1,17128,1,5417.42,5417.42,975.14
1762,4,198,2,17128,1,9201.00,9201.00,2300.25
1763,4,198,8,17128,1,127.84,127.84,26.85
1764,4,117,2,17128,1,7360.80,7360.80,1913.81
1765,4,117,6,17128,1,2260.58,2260.58,497.33
1766,4,117,7,17128,1,139.50,139.50,33.48
1767,4,117,8,17128,1,143.82,143.82,33.08
1768,4,117,9,17128,1,103.50,103.50,26.91
1769,9,224,5,17128,1,2669.40,2669.40,747.43
1770,7,124,4,17129,1,5858.37,5858.37,1171.67
1771,7,124,8,17129,1,169.20,169.20,37.22
1772,5,255,1,17129,1,7081.60,7081.60,1628.77
1773,5,255,2,17129,1,7820.85,7820.85,1955.21
1774,5,255,4,17129,2,5858.37,11716.74,3046.35
1775,5,255,7,17129,1,139.50,139.50,25.11
1776,5,255,8,17129,1,159.80,159.80,33.56
1777,5,255,9,17129,1,97.75,97.75,27.37
1778,2,101,1,17130,1,7524.20,7524.20,1504.84
1779,2,101,4,17130,2,6509.30,13018.60,2733.91
1780,2,101,9,17130,1,70.38,70.38,16.89
1781,6,230,7,17130,1,118.58,118.58,23.72
1782,6,230,8,17130,1,169.20,169.20,45.68
1783,6,230,10,17130,1,135.00,135.00,36.45
1784,6,230,2,17131,1,9201.00,9201.00,2300.25
1785,6,230,5,17131,1,2669.40,2669.40,640.66
1786,6,230,8,17131,1,188.00,188.00,48.88
1787,6,230,9,17131,1,103.50,103.50,21.74
1788,8,171,9,17131,1,115.00,115.00,20.70
1789,8,171,10,17131,1,114.75,114.75,28.69
1790,1,52,7,17131,1,118.58,118.58,22.53
1791,1,52,8,17131,1,135.36,135.36,36.55
1792,4,243,7,17131,1,105.40,105.40,26.35
1793,4,243,9,17131,1,115.00,115.00,34.50
1794,5,138,6,17134,1,2955.00,2955.00,620.55
1795,6,177,7,17135,1,155.00,155.00,43.40
1796,6,177,8,17135,1,169.20,169.20,33.84
1797,7,182,3,17136,2,3829.50,7659.00,1608.39
1798,7,182,6,17136,1,2955.00,2955.00,827.40
1799,9,42,1,17136,1,7524.20,7524.20,1881.05
1800,9,42,5,17136,1,2966.00,2966.00,533.88
1801,9,42,8,17136,1,143.82,143.82,27.33
1802,3,116,4,17137,2,6509.30,13018.60,4816.88
1803,3,116,9,17137,1,92.00,92.00,34.96
1804,3,108,1,17138,1,7966.80,7966.80,1991.70
1805,3,108,8,17138,1,159.80,159.80,49.54
1806,3,108,9,17138,1,115.00,115.00,33.35
1807,3,160,8,17138,1,169.20,169.20,52.45
1808,3,237,2,17139,1,7038.77,7038.77,1900.47
1809,3,237,10,17139,1,91.80,91.80,34.88
1810,7,245,3,17140,1,3255.08,3255.08,1302.03
1811,7,245,6,17140,1,2511.75,2511.75,627.94
1812,5,172,4,17140,1,6509.30,6509.30,2017.88
1813,1,255,2,17141,1,9201.00,9201.00,2944.32
1814,1,255,4,17141,1,7658.00,7658.00,2527.14
1815,1,255,7,17141,2,118.58,237.16,71.15
1816,7,67,6,17141,1,2260.58,2260.58,587.75
1817,6,35,6,17142,1,2955.00,2955.00,1152.45
1818,6,35,7,17142,1,105.40,105.40,37.94
1819,7,178,2,17145,1,8280.90,8280.90,2981.12
1820,7,178,3,17145,1,3616.75,3616.75,1085.03
1821,7,178,9,17145,1,97.75,97.75,39.10
1822,7,178,10,17145,1,135.00,135.00,43.20
1823,8,8,7,17146,1,155.00,155.00,60.45
1824,9,200,1,17146,1,8852.00,8852.00,2390.04
1825,9,200,9,17146,1,97.75,97.75,31.28
1826,9,200,10,17146,1,114.75,114.75,41.31
1827,7,75,1,17147,1,7524.20,7524.20,2407.74
1828,7,75,5,17147,2,2966.00,5932.00,2313.48
1829,7,75,7,17147,1,111.60,111.60,40.18
1830,7,75,10,17147,1,103.28,103.28,33.05
1831,4,208,3,17148,2,4255.00,8510.00,2297.70
1832,9,225,2,17148,2,7038.77,14077.54,4364.04
1833,9,225,7,17148,1,131.75,131.75,47.43
1834,9,225,9,17148,1,87.98,87.98,28.15
1835,9,225,10,17148,1,121.50,121.50,35.24
1836,7,228,5,17149,1,2521.10,2521.10,806.75
1837,7,228,8,17149,1,127.84,127.84,37.07
1838,7,251,4,17149,1,6892.20,6892.20,2412.27
1839,7,251,5,17149,1,2268.99,2268.99,862.22
1840,7,251,9,17149,1,103.50,103.50,39.33
1841,7,251,10,17149,1,114.75,114.75,33.28
1842,10,106,10,17150,2,97.20,194.40,52.49
1843,5,60,2,17151,2,9201.00,18402.00,5704.62
1844,8,38,3,17152,1,4255.00,4255.00,1233.95
1845,8,38,10,17152,1,121.50,121.50,37.67
1846,8,156,7,17153,1,118.58,118.58,41.50
1847,8,156,10,17153,1,135.00,135.00,52.65
1848,8,126,7,17154,1,118.58,118.58,41.50
1849,8,126,8,17154,1,159.80,159.80,44.74
1850,8,126,9,17154,1,97.75,97.75,28.35
1851,8,126,10,17154,1,114.75,114.75,34.43
1852,8,148,1,17155,1,8852.00,8852.00,2390.04
1853,8,148,3,17155,1,4255.00,4255.00,1063.75
1854,8,148,7,17155,1,131.75,131.75,38.21
1855,8,148,9,17155,1,97.75,97.75,27.37
1856,8,148,10,17155,1,103.28,103.28,29.95
1857,9,156,4,17156,1,6892.20,6892.20,1860.89
1858,9,156,6,17156,1,2009.40,2009.40,803.76
1859,10,33,5,17156,2,2966.00,5932.00,2254.16
1860,7,238,10,17156,1,103.28,103.28,26.85
1861,2,49,2,17157,1,8280.90,8280.90,2153.03
1862,2,49,7,17157,1,155.00,155.00,60.45
1863,4,168,1,17157,1,6771.78,6771.78,2234.69
1864,4,168,4,17157,1,6892.20,6892.20,2067.66
1865,4,168,6,17157,1,2955.00,2955.00,1182.00
1866,10,42,4,17158,2,6892.20,13784.40,5100.23
1867,10,42,7,17158,1,124.00,124.00,34.72
1868,10,42,8,17158,1,150.40,150.40,60.16
1869,2,65,1,17159,1,7524.20,7524.20,2859.20
1870,2,65,2,17159,1,9201.00,9201.00,3312.36
1871,2,65,7,17159,1,155.00,155.00,51.15
1872,2,65,9,17159,1,115.00,115.00,43.70
1873,2,103,4,17159,1,7658.00,7658.00,2220.82
1874,2,103,5,17159,1,2669.40,2669.40,694.04
1875,2,103,9,17159,1,87.98,87.98,33.43
1876,1,238,6,17160,2,2511.75,5023.50,1306.11
1877,1,238,8,17160,1,159.80,159.80,63.92
1878,4,62,1,17161,1,6771.78,6771.78,2437.84
1879,4,62,2,17161,1,7820.85,7820.85,1955.21
1880,6,224,2,17164,2,9201.00,18402.00,6256.68
